Date,Close,High,Low,Open,Volume,Symbol,Category,Close,High,Low,Open,Volume,Close,High,Low,Open,Volume,Close,High,Low,Open,Volume,Close,High,Low,Open,Volume,Close,High,Low,Open,Volume,Close,High,Low,Open,Volume,Close,High,Low,Open,Volume,Close,High,Low,Open,Volume,Close,High,Low,Open,Volume,Close,High,Low,Open,Volume,Close,High,Low,Open,Volume,Close,High,Low,Open,Volume,Close,High,Low,Open,Volume,Close,High,Low,Open,Volume,Close,High,Low,Open,Volume,Adj Close,Close,High,Low,Open,Volume,Close,High,Low,Open,Volume,Close,High,Low,Open,Volume,Close,High,Low,Open,Volume,Close,High,Low,Open,Volume
,BHARTIARTL.NS,BHARTIARTL.NS,BHARTIARTL.NS,BHARTIARTL.NS,BHARTIARTL.NS,,,IDEA.NS,IDEA.NS,IDEA.NS,IDEA.NS,IDEA.NS,JIOFIN.NS,JIOFIN.NS,JIOFIN.NS,JIOFIN.NS,JIOFIN.NS,TCS.NS,TCS.NS,TCS.NS,TCS.NS,TCS.NS,INFY.NS,INFY.NS,INFY.NS,INFY.NS,INFY.NS,WIPRO.NS,WIPRO.NS,WIPRO.NS,WIPRO.NS,WIPRO.NS,SUNPHARMA.NS,SUNPHARMA.NS,SUNPHARMA.NS,SUNPHARMA.NS,SUNPHARMA.NS,DRREDDY.NS,DRREDDY.NS,DRREDDY.NS,DRREDDY.NS,DRREDDY.NS,CIPLA.NS,CIPLA.NS,CIPLA.NS,CIPLA.NS,CIPLA.NS,LUPIN.NS,LUPIN.NS,LUPIN.NS,LUPIN.NS,LUPIN.NS,AUROPHARMA.NS,AUROPHARMA.NS,AUROPHARMA.NS,AUROPHARMA.NS,AUROPHARMA.NS,DLF.NS,DLF.NS,DLF.NS,DLF.NS,DLF.NS,GODREJPROP.NS,GODREJPROP.NS,GODREJPROP.NS,GODREJPROP.NS,GODREJPROP.NS,OBEROIRLTY.NS,OBEROIRLTY.NS,OBEROIRLTY.NS,OBEROIRLTY.NS,OBEROIRLTY.NS,PHOENIXLTD.NS,PHOENIXLTD.NS,PHOENIXLTD.NS,PHOENIXLTD.NS,PHOENIXLTD.NS,PRESTIGE.NS,PRESTIGE.NS,PRESTIGE.NS,PRESTIGE.NS,PRESTIGE.NS,L&T.NS,L&T.NS,L&T.NS,L&T.NS,L&T.NS,L&T.NS,BHEL.NS,BHEL.NS,BHEL.NS,BHEL.NS,BHEL.NS,SIEMENS.NS,SIEMENS.NS,SIEMENS.NS,SIEMENS.NS,SIEMENS.NS,ABB.NS,ABB.NS,ABB.NS,ABB.NS,ABB.NS,HAVELLS.NS,HAVELLS.NS,HAVELLS.NS,HAVELLS.NS,HAVELLS.NS
2025-04-01,1724.1500244140625,1765.0,1708.449951171875,1715.0,6773056.0,BHARTIARTL,Network,,,,,,,,,,,,,,,,,,,,,,,,,,,,,,,,,,,,,,,,,,,,,,,,,,,,,,,,,,,,,,,,,,,,,,,,,,,,,,,,,,,,,,,,,,,,,,,,,,,,,
2025-04-02,1754.5999755859375,1760.4000244140625,1716.949951171875,1720.0,6431226.0,BHARTIARTL,Network,,,,,,,,,,,,,,,,,,,,,,,,,,,,,,,,,,,,,,,,,,,,,,,,,,,,,,,,,,,,,,,,,,,,,,,,,,,,,,,,,,,,,,,,,,,,,,,,,,,,,
2025-04-03,1746.0,1754.949951171875,1735.449951171875,1748.0,2341989.0,BHARTIARTL,Network,,,,,,,,,,,,,,,,,,,,,,,,,,,,,,,,,,,,,,,,,,,,,,,,,,,,,,,,,,,,,,,,,,,,,,,,,,,,,,,,,,,,,,,,,,,,,,,,,,,,,
2025-04-04,1743.449951171875,1770.800048828125,1740.0,1754.5,7817334.0,BHARTIARTL,Network,,,,,,,,,,,,,,,,,,,,,,,,,,,,,,,,,,,,,,,,,,,,,,,,,,,,,,,,,,,,,,,,,,,,,,,,,,,,,,,,,,,,,,,,,,,,,,,,,,,,,
2025-04-07,1686.6500244140625,1774.75,1669.4000244140625,1730.0,14870388.0,BHARTIARTL,Network,,,,,,,,,,,,,,,,,,,,,,,,,,,,,,,,,,,,,,,,,,,,,,,,,,,,,,,,,,,,,,,,,,,,,,,,,,,,,,,,,,,,,,,,,,,,,,,,,,,,,
2025-04-08,1720.4000244140625,1742.300048828125,1706.800048828125,1720.699951171875,7206935.0,BHARTIARTL,Network,,,,,,,,,,,,,,,,,,,,,,,,,,,,,,,,,,,,,,,,,,,,,,,,,,,,,,,,,,,,,,,,,,,,,,,,,,,,,,,,,,,,,,,,,,,,,,,,,,,,,
2025-04-09,1715.550048828125,1726.8499755859375,1711.5999755859375,1719.6500244140625,5600666.0,BHARTIARTL,Network,,,,,,,,,,,,,,,,,,,,,,,,,,,,,,,,,,,,,,,,,,,,,,,,,,,,,,,,,,,,,,,,,,,,,,,,,,,,,,,,,,,,,,,,,,,,,,,,,,,,,
2025-04-11,1756.5999755859375,1767.0,1732.3499755859375,1760.0,8340002.0,BHARTIARTL,Network,,,,,,,,,,,,,,,,,,,,,,,,,,,,,,,,,,,,,,,,,,,,,,,,,,,,,,,,,,,,,,,,,,,,,,,,,,,,,,,,,,,,,,,,,,,,,,,,,,,,,
2025-04-15,1798.800048828125,1820.0,1781.0999755859375,1808.199951171875,10313411.0,BHARTIARTL,Network,,,,,,,,,,,,,,,,,,,,,,,,,,,,,,,,,,,,,,,,,,,,,,,,,,,,,,,,,,,,,,,,,,,,,,,,,,,,,,,,,,,,,,,,,,,,,,,,,,,,,
2025-04-16,1822.5999755859375,1826.5,1794.0999755859375,1802.4000244140625,6180958.0,BHARTIARTL,Network,,,,,,,,,,,,,,,,,,,,,,,,,,,,,,,,,,,,,,,,,,,,,,,,,,,,,,,,,,,,,,,,,,,,,,,,,,,,,,,,,,,,,,,,,,,,,,,,,,,,,
2025-04-17,1889.0999755859375,1897.699951171875,1825.699951171875,1834.0,10894325.0,BHARTIARTL,Network,,,,,,,,,,,,,,,,,,,,,,,,,,,,,,,,,,,,,,,,,,,,,,,,,,,,,,,,,,,,,,,,,,,,,,,,,,,,,,,,,,,,,,,,,,,,,,,,,,,,,
2025-04-21,1883.4000244140625,1904.300048828125,1868.5999755859375,1898.4000244140625,3501123.0,BHARTIARTL,Network,,,,,,,,,,,,,,,,,,,,,,,,,,,,,,,,,,,,,,,,,,,,,,,,,,,,,,,,,,,,,,,,,,,,,,,,,,,,,,,,,,,,,,,,,,,,,,,,,,,,,
2025-04-22,1852.199951171875,1888.0,1836.800048828125,1888.0,6155127.0,BHARTIARTL,Network,,,,,,,,,,,,,,,,,,,,,,,,,,,,,,,,,,,,,,,,,,,,,,,,,,,,,,,,,,,,,,,,,,,,,,,,,,,,,,,,,,,,,,,,,,,,,,,,,,,,,
2025-04-23,1881.5999755859375,1885.9000244140625,1836.0999755859375,1867.0,6855027.0,BHARTIARTL,Network,,,,,,,,,,,,,,,,,,,,,,,,,,,,,,,,,,,,,,,,,,,,,,,,,,,,,,,,,,,,,,,,,,,,,,,,,,,,,,,,,,,,,,,,,,,,,,,,,,,,,
2025-04-24,1845.5999755859375,1877.800048828125,1839.5,1874.5,5180688.0,BHARTIARTL,Network,,,,,,,,,,,,,,,,,,,,,,,,,,,,,,,,,,,,,,,,,,,,,,,,,,,,,,,,,,,,,,,,,,,,,,,,,,,,,,,,,,,,,,,,,,,,,,,,,,,,,
2025-04-25,1817.199951171875,1861.699951171875,1806.0,1846.699951171875,4570083.0,BHARTIARTL,Network,,,,,,,,,,,,,,,,,,,,,,,,,,,,,,,,,,,,,,,,,,,,,,,,,,,,,,,,,,,,,,,,,,,,,,,,,,,,,,,,,,,,,,,,,,,,,,,,,,,,,
2025-04-28,1821.800048828125,1838.9000244140625,1813.4000244140625,1836.0,3301891.0,BHARTIARTL,Network,,,,,,,,,,,,,,,,,,,,,,,,,,,,,,,,,,,,,,,,,,,,,,,,,,,,,,,,,,,,,,,,,,,,,,,,,,,,,,,,,,,,,,,,,,,,,,,,,,,,,
2025-04-29,1823.800048828125,1847.800048828125,1817.5999755859375,1823.699951171875,4684155.0,BHARTIARTL,Network,,,,,,,,,,,,,,,,,,,,,,,,,,,,,,,,,,,,,,,,,,,,,,,,,,,,,,,,,,,,,,,,,,,,,,,,,,,,,,,,,,,,,,,,,,,,,,,,,,,,,
2025-04-30,1864.5,1876.9000244140625,1827.0,1837.0,9139821.0,BHARTIARTL,Network,,,,,,,,,,,,,,,,,,,,,,,,,,,,,,,,,,,,,,,,,,,,,,,,,,,,,,,,,,,,,,,,,,,,,,,,,,,,,,,,,,,,,,,,,,,,,,,,,,,,,
2025-04-01,,,,,,IDEA,Network,8.100000381469727,8.5600004196167,7.480000019073486,7.480000019073486,3850.0,,,,,,,,,,,,,,,,,,,,,,,,,,,,,,,,,,,,,,,,,,,,,,,,,,,,,,,,,,,,,,,,,,,,,,,,,,,,,,,,,,,,,,,,,,,,,,,,
2025-04-02,,,,,,IDEA,Network,8.220000267028809,8.34000015258789,7.940000057220459,8.3100004196167,922157249.0,,,,,,,,,,,,,,,,,,,,,,,,,,,,,,,,,,,,,,,,,,,,,,,,,,,,,,,,,,,,,,,,,,,,,,,,,,,,,,,,,,,,,,,,,,,,,,,,
2025-04-03,,,,,,IDEA,Network,8.1899995803833,8.34000015258789,8.0600004196167,8.09000015258789,486007460.0,,,,,,,,,,,,,,,,,,,,,,,,,,,,,,,,,,,,,,,,,,,,,,,,,,,,,,,,,,,,,,,,,,,,,,,,,,,,,,,,,,,,,,,,,,,,,,,,
2025-04-04,,,,,,IDEA,Network,7.909999847412109,8.180000305175781,7.849999904632568,8.15999984741211,475159836.0,,,,,,,,,,,,,,,,,,,,,,,,,,,,,,,,,,,,,,,,,,,,,,,,,,,,,,,,,,,,,,,,,,,,,,,,,,,,,,,,,,,,,,,,,,,,,,,,
2025-04-07,,,,,,IDEA,Network,7.360000133514404,7.480000019073486,7.170000076293945,7.170000076293945,683492480.0,,,,,,,,,,,,,,,,,,,,,,,,,,,,,,,,,,,,,,,,,,,,,,,,,,,,,,,,,,,,,,,,,,,,,,,,,,,,,,,,,,,,,,,,,,,,,,,,
2025-04-08,,,,,,IDEA,Network,7.170000076293945,7.599999904632568,7.139999866485596,7.510000228881836,625885253.0,,,,,,,,,,,,,,,,,,,,,,,,,,,,,,,,,,,,,,,,,,,,,,,,,,,,,,,,,,,,,,,,,,,,,,,,,,,,,,,,,,,,,,,,,,,,,,,,
2025-04-09,,,,,,IDEA,Network,7.090000152587891,7.269999980926514,7.010000228881836,7.25,501489583.0,,,,,,,,,,,,,,,,,,,,,,,,,,,,,,,,,,,,,,,,,,,,,,,,,,,,,,,,,,,,,,,,,,,,,,,,,,,,,,,,,,,,,,,,,,,,,,,,
2025-04-11,,,,,,IDEA,Network,7.170000076293945,7.289999961853027,7.03000020980835,7.269999980926514,607771928.0,,,,,,,,,,,,,,,,,,,,,,,,,,,,,,,,,,,,,,,,,,,,,,,,,,,,,,,,,,,,,,,,,,,,,,,,,,,,,,,,,,,,,,,,,,,,,,,,
2025-04-15,,,,,,IDEA,Network,7.320000171661377,7.429999828338623,7.21999979019165,7.269999980926514,494777719.0,,,,,,,,,,,,,,,,,,,,,,,,,,,,,,,,,,,,,,,,,,,,,,,,,,,,,,,,,,,,,,,,,,,,,,,,,,,,,,,,,,,,,,,,,,,,,,,,
2025-04-16,,,,,,IDEA,Network,7.269999980926514,7.420000076293945,7.230000019073486,7.320000171661377,404503350.0,,,,,,,,,,,,,,,,,,,,,,,,,,,,,,,,,,,,,,,,,,,,,,,,,,,,,,,,,,,,,,,,,,,,,,,,,,,,,,,,,,,,,,,,,,,,,,,,
2025-04-17,,,,,,IDEA,Network,7.309999942779541,7.349999904632568,7.179999828338623,7.239999771118164,481025151.0,,,,,,,,,,,,,,,,,,,,,,,,,,,,,,,,,,,,,,,,,,,,,,,,,,,,,,,,,,,,,,,,,,,,,,,,,,,,,,,,,,,,,,,,,,,,,,,,
2025-04-21,,,,,,IDEA,Network,8.069999694824219,8.1899995803833,7.300000190734863,7.309999942779541,1047323375.0,,,,,,,,,,,,,,,,,,,,,,,,,,,,,,,,,,,,,,,,,,,,,,,,,,,,,,,,,,,,,,,,,,,,,,,,,,,,,,,,,,,,,,,,,,,,,,,,
2025-04-22,,,,,,IDEA,Network,7.96999979019165,8.109999656677246,7.949999809265137,8.079999923706055,525407211.0,,,,,,,,,,,,,,,,,,,,,,,,,,,,,,,,,,,,,,,,,,,,,,,,,,,,,,,,,,,,,,,,,,,,,,,,,,,,,,,,,,,,,,,,,,,,,,,,
2025-04-23,,,,,,IDEA,Network,8.010000228881836,8.050000190734863,7.679999828338623,8.0,514186077.0,,,,,,,,,,,,,,,,,,,,,,,,,,,,,,,,,,,,,,,,,,,,,,,,,,,,,,,,,,,,,,,,,,,,,,,,,,,,,,,,,,,,,,,,,,,,,,,,
2025-04-24,,,,,,IDEA,Network,7.929999828338623,8.079999923706055,7.900000095367432,7.940000057220459,436243616.0,,,,,,,,,,,,,,,,,,,,,,,,,,,,,,,,,,,,,,,,,,,,,,,,,,,,,,,,,,,,,,,,,,,,,,,,,,,,,,,,,,,,,,,,,,,,,,,,
2025-04-25,,,,,,IDEA,Network,7.46999979019165,8.210000038146973,7.429999828338623,7.949999809265137,799912461.0,,,,,,,,,,,,,,,,,,,,,,,,,,,,,,,,,,,,,,,,,,,,,,,,,,,,,,,,,,,,,,,,,,,,,,,,,,,,,,,,,,,,,,,,,,,,,,,,
2025-04-28,,,,,,IDEA,Network,7.449999809265137,7.570000171661377,7.400000095367432,7.5,368139445.0,,,,,,,,,,,,,,,,,,,,,,,,,,,,,,,,,,,,,,,,,,,,,,,,,,,,,,,,,,,,,,,,,,,,,,,,,,,,,,,,,,,,,,,,,,,,,,,,
2025-04-29,,,,,,IDEA,Network,7.239999771118164,7.53000020980835,7.21999979019165,7.449999809265137,443439431.0,,,,,,,,,,,,,,,,,,,,,,,,,,,,,,,,,,,,,,,,,,,,,,,,,,,,,,,,,,,,,,,,,,,,,,,,,,,,,,,,,,,,,,,,,,,,,,,,
2025-04-30,,,,,,IDEA,Network,7.119999885559082,7.289999961853027,7.099999904632568,7.25,395244551.0,,,,,,,,,,,,,,,,,,,,,,,,,,,,,,,,,,,,,,,,,,,,,,,,,,,,,,,,,,,,,,,,,,,,,,,,,,,,,,,,,,,,,,,,,,,,,,,,
2025-04-01,,,,,,JIOFIN,Network,,,,,,230.4199981689453,231.2899932861328,225.2100067138672,227.0,18781790.0,,,,,,,,,,,,,,,,,,,,,,,,,,,,,,,,,,,,,,,,,,,,,,,,,,,,,,,,,,,,,,,,,,,,,,,,,,,,,,,,,,,,,,,,,,,
2025-04-02,,,,,,JIOFIN,Network,,,,,,229.77999877929688,230.99000549316406,225.3000030517578,230.99000549316406,16203180.0,,,,,,,,,,,,,,,,,,,,,,,,,,,,,,,,,,,,,,,,,,,,,,,,,,,,,,,,,,,,,,,,,,,,,,,,,,,,,,,,,,,,,,,,,,,
2025-04-03,,,,,,JIOFIN,Network,,,,,,230.41000366210938,231.7899932861328,226.5,227.0,11752610.0,,,,,,,,,,,,,,,,,,,,,,,,,,,,,,,,,,,,,,,,,,,,,,,,,,,,,,,,,,,,,,,,,,,,,,,,,,,,,,,,,,,,,,,,,,,
2025-04-04,,,,,,JIOFIN,Network,,,,,,222.32000732421875,230.35000610351562,220.8000030517578,230.0500030517578,20832530.0,,,,,,,,,,,,,,,,,,,,,,,,,,,,,,,,,,,,,,,,,,,,,,,,,,,,,,,,,,,,,,,,,,,,,,,,,,,,,,,,,,,,,,,,,,,
2025-04-07,,,,,,JIOFIN,Network,,,,,,213.52000427246094,215.0,203.10000610351562,203.10000610351562,25772060.0,,,,,,,,,,,,,,,,,,,,,,,,,,,,,,,,,,,,,,,,,,,,,,,,,,,,,,,,,,,,,,,,,,,,,,,,,,,,,,,,,,,,,,,,,,,
2025-04-08,,,,,,JIOFIN,Network,,,,,,224.80999755859375,225.5,216.6199951171875,217.0,25131280.0,,,,,,,,,,,,,,,,,,,,,,,,,,,,,,,,,,,,,,,,,,,,,,,,,,,,,,,,,,,,,,,,,,,,,,,,,,,,,,,,,,,,,,,,,,,
2025-04-09,,,,,,JIOFIN,Network,,,,,,220.9199981689453,224.0,218.25,224.0,19372730.0,,,,,,,,,,,,,,,,,,,,,,,,,,,,,,,,,,,,,,,,,,,,,,,,,,,,,,,,,,,,,,,,,,,,,,,,,,,,,,,,,,,,,,,,,,,
2025-04-11,,,,,,JIOFIN,Network,,,,,,230.02000427246094,230.97999572753906,223.72000122070312,225.77999877929688,24630870.0,,,,,,,,,,,,,,,,,,,,,,,,,,,,,,,,,,,,,,,,,,,,,,,,,,,,,,,,,,,,,,,,,,,,,,,,,,,,,,,,,,,,,,,,,,,
2025-04-15,,,,,,JIOFIN,Network,,,,,,238.57000732421875,239.49000549316406,232.60000610351562,235.89999389648438,27663800.0,,,,,,,,,,,,,,,,,,,,,,,,,,,,,,,,,,,,,,,,,,,,,,,,,,,,,,,,,,,,,,,,,,,,,,,,,,,,,,,,,,,,,,,,,,,
2025-04-16,,,,,,JIOFIN,Network,,,,,,242.27999877929688,242.75,237.25999450683594,239.0500030517578,27720760.0,,,,,,,,,,,,,,,,,,,,,,,,,,,,,,,,,,,,,,,,,,,,,,,,,,,,,,,,,,,,,,,,,,,,,,,,,,,,,,,,,,,,,,,,,,,
2025-04-17,,,,,,JIOFIN,Network,,,,,,246.47000122070312,248.0,238.3000030517578,242.94000244140625,30422200.0,,,,,,,,,,,,,,,,,,,,,,,,,,,,,,,,,,,,,,,,,,,,,,,,,,,,,,,,,,,,,,,,,,,,,,,,,,,,,,,,,,,,,,,,,,,
2025-04-21,,,,,,JIOFIN,Network,,,,,,246.3800048828125,250.0,244.5,250.0,31786610.0,,,,,,,,,,,,,,,,,,,,,,,,,,,,,,,,,,,,,,,,,,,,,,,,,,,,,,,,,,,,,,,,,,,,,,,,,,,,,,,,,,,,,,,,,,,
2025-04-22,,,,,,JIOFIN,Network,,,,,,250.55999755859375,251.33999633789062,243.6999969482422,245.5,30235260.0,,,,,,,,,,,,,,,,,,,,,,,,,,,,,,,,,,,,,,,,,,,,,,,,,,,,,,,,,,,,,,,,,,,,,,,,,,,,,,,,,,,,,,,,,,,
2025-04-23,,,,,,JIOFIN,Network,,,,,,258.1400146484375,258.54998779296875,251.38999938964844,252.0,37568330.0,,,,,,,,,,,,,,,,,,,,,,,,,,,,,,,,,,,,,,,,,,,,,,,,,,,,,,,,,,,,,,,,,,,,,,,,,,,,,,,,,,,,,,,,,,,
2025-04-24,,,,,,JIOFIN,Network,,,,,,258.7799987792969,259.79998779296875,256.5,258.0,17152000.0,,,,,,,,,,,,,,,,,,,,,,,,,,,,,,,,,,,,,,,,,,,,,,,,,,,,,,,,,,,,,,,,,,,,,,,,,,,,,,,,,,,,,,,,,,,
2025-04-25,,,,,,JIOFIN,Network,,,,,,253.0500030517578,261.6199951171875,249.10000610351562,258.7799987792969,33348710.0,,,,,,,,,,,,,,,,,,,,,,,,,,,,,,,,,,,,,,,,,,,,,,,,,,,,,,,,,,,,,,,,,,,,,,,,,,,,,,,,,,,,,,,,,,,
2025-04-28,,,,,,JIOFIN,Network,,,,,,257.8999938964844,259.70001220703125,252.3000030517578,252.38999938964844,19380920.0,,,,,,,,,,,,,,,,,,,,,,,,,,,,,,,,,,,,,,,,,,,,,,,,,,,,,,,,,,,,,,,,,,,,,,,,,,,,,,,,,,,,,,,,,,,
2025-04-29,,,,,,JIOFIN,Network,,,,,,257.6300048828125,259.75,255.60000610351562,258.1000061035156,12494830.0,,,,,,,,,,,,,,,,,,,,,,,,,,,,,,,,,,,,,,,,,,,,,,,,,,,,,,,,,,,,,,,,,,,,,,,,,,,,,,,,,,,,,,,,,,,
2025-04-30,,,,,,JIOFIN,Network,,,,,,260.4200134277344,263.29998779296875,255.1999969482422,256.0,32058330.0,,,,,,,,,,,,,,,,,,,,,,,,,,,,,,,,,,,,,,,,,,,,,,,,,,,,,,,,,,,,,,,,,,,,,,,,,,,,,,,,,,,,,,,,,,,
2025-04-01,,,,,,TCS,IT Sector,,,,,,,,,,,3550.800048828125,3584.0,3525.0,3572.699951171875,2618493.0,,,,,,,,,,,,,,,,,,,,,,,,,,,,,,,,,,,,,,,,,,,,,,,,,,,,,,,,,,,,,,,,,,,,,,,,,,,,,,,,,,,,,,
2025-04-02,,,,,,TCS,IT Sector,,,,,,,,,,,3543.949951171875,3564.10009765625,3530.050048828125,3544.0,1764313.0,,,,,,,,,,,,,,,,,,,,,,,,,,,,,,,,,,,,,,,,,,,,,,,,,,,,,,,,,,,,,,,,,,,,,,,,,,,,,,,,,,,,,,
2025-04-03,,,,,,TCS,IT Sector,,,,,,,,,,,3403.14990234375,3502.0,3396.14990234375,3491.0,4537821.0,,,,,,,,,,,,,,,,,,,,,,,,,,,,,,,,,,,,,,,,,,,,,,,,,,,,,,,,,,,,,,,,,,,,,,,,,,,,,,,,,,,,,,
2025-04-04,,,,,,TCS,IT Sector,,,,,,,,,,,3299.39990234375,3399.64990234375,3295.5,3362.60009765625,5317367.0,,,,,,,,,,,,,,,,,,,,,,,,,,,,,,,,,,,,,,,,,,,,,,,,,,,,,,,,,,,,,,,,,,,,,,,,,,,,,,,,,,,,,,
2025-04-07,,,,,,TCS,IT Sector,,,,,,,,,,,3274.050048828125,3291.39990234375,3056.050048828125,3100.0,6623955.0,,,,,,,,,,,,,,,,,,,,,,,,,,,,,,,,,,,,,,,,,,,,,,,,,,,,,,,,,,,,,,,,,,,,,,,,,,,,,,,,,,,,,,
2025-04-08,,,,,,TCS,IT Sector,,,,,,,,,,,3292.949951171875,3349.0,3255.300048828125,3302.050048828125,5557558.0,,,,,,,,,,,,,,,,,,,,,,,,,,,,,,,,,,,,,,,,,,,,,,,,,,,,,,,,,,,,,,,,,,,,,,,,,,,,,,,,,,,,,,
2025-04-09,,,,,,TCS,IT Sector,,,,,,,,,,,3246.60009765625,3270.0,3212.050048828125,3260.550048828125,2990265.0,,,,,,,,,,,,,,,,,,,,,,,,,,,,,,,,,,,,,,,,,,,,,,,,,,,,,,,,,,,,,,,,,,,,,,,,,,,,,,,,,,,,,,
2025-04-11,,,,,,TCS,IT Sector,,,,,,,,,,,3231.5,3298.949951171875,3206.0,3289.550048828125,7108961.0,,,,,,,,,,,,,,,,,,,,,,,,,,,,,,,,,,,,,,,,,,,,,,,,,,,,,,,,,,,,,,,,,,,,,,,,,,,,,,,,,,,,,,
2025-04-15,,,,,,TCS,IT Sector,,,,,,,,,,,3248.199951171875,3314.39990234375,3238.60009765625,3314.39990234375,3512160.0,,,,,,,,,,,,,,,,,,,,,,,,,,,,,,,,,,,,,,,,,,,,,,,,,,,,,,,,,,,,,,,,,,,,,,,,,,,,,,,,,,,,,,
2025-04-16,,,,,,TCS,IT Sector,,,,,,,,,,,3273.800048828125,3278.10009765625,3229.0,3248.199951171875,2384391.0,,,,,,,,,,,,,,,,,,,,,,,,,,,,,,,,,,,,,,,,,,,,,,,,,,,,,,,,,,,,,,,,,,,,,,,,,,,,,,,,,,,,,,
2025-04-17,,,,,,TCS,IT Sector,,,,,,,,,,,3298.89990234375,3303.60009765625,3218.0,3245.5,2932346.0,,,,,,,,,,,,,,,,,,,,,,,,,,,,,,,,,,,,,,,,,,,,,,,,,,,,,,,,,,,,,,,,,,,,,,,,,,,,,,,,,,,,,,
2025-04-21,,,,,,TCS,IT Sector,,,,,,,,,,,3321.60009765625,3354.0,3284.10009765625,3290.10009765625,2432946.0,,,,,,,,,,,,,,,,,,,,,,,,,,,,,,,,,,,,,,,,,,,,,,,,,,,,,,,,,,,,,,,,,,,,,,,,,,,,,,,,,,,,,,
2025-04-22,,,,,,TCS,IT Sector,,,,,,,,,,,3314.39990234375,3333.89990234375,3295.0,3322.60009765625,2710498.0,,,,,,,,,,,,,,,,,,,,,,,,,,,,,,,,,,,,,,,,,,,,,,,,,,,,,,,,,,,,,,,,,,,,,,,,,,,,,,,,,,,,,,
2025-04-23,,,,,,TCS,IT Sector,,,,,,,,,,,3413.0,3420.89990234375,3337.300048828125,3365.0,3543923.0,,,,,,,,,,,,,,,,,,,,,,,,,,,,,,,,,,,,,,,,,,,,,,,,,,,,,,,,,,,,,,,,,,,,,,,,,,,,,,,,,,,,,,
2025-04-24,,,,,,TCS,IT Sector,,,,,,,,,,,3401.60009765625,3412.5,3387.699951171875,3401.10009765625,2252175.0,,,,,,,,,,,,,,,,,,,,,,,,,,,,,,,,,,,,,,,,,,,,,,,,,,,,,,,,,,,,,,,,,,,,,,,,,,,,,,,,,,,,,,
2025-04-25,,,,,,TCS,IT Sector,,,,,,,,,,,3448.0,3477.800048828125,3405.0,3420.0,2742991.0,,,,,,,,,,,,,,,,,,,,,,,,,,,,,,,,,,,,,,,,,,,,,,,,,,,,,,,,,,,,,,,,,,,,,,,,,,,,,,,,,,,,,,
2025-04-28,,,,,,TCS,IT Sector,,,,,,,,,,,3443.5,3457.800048828125,3405.0,3435.0,1593296.0,,,,,,,,,,,,,,,,,,,,,,,,,,,,,,,,,,,,,,,,,,,,,,,,,,,,,,,,,,,,,,,,,,,,,,,,,,,,,,,,,,,,,,
2025-04-29,,,,,,TCS,IT Sector,,,,,,,,,,,3472.5,3495.0,3430.39990234375,3455.0,1578332.0,,,,,,,,,,,,,,,,,,,,,,,,,,,,,,,,,,,,,,,,,,,,,,,,,,,,,,,,,,,,,,,,,,,,,,,,,,,,,,,,,,,,,,
2025-04-30,,,,,,TCS,IT Sector,,,,,,,,,,,3453.699951171875,3509.89990234375,3366.0,3472.0,2809332.0,,,,,,,,,,,,,,,,,,,,,,,,,,,,,,,,,,,,,,,,,,,,,,,,,,,,,,,,,,,,,,,,,,,,,,,,,,,,,,,,,,,,,,
2025-04-01,,,,,,INFY,IT Sector,,,,,,,,,,,,,,,,1526.5,1547.4000244140625,1517.8499755859375,1539.25,12680733.0,,,,,,,,,,,,,,,,,,,,,,,,,,,,,,,,,,,,,,,,,,,,,,,,,,,,,,,,,,,,,,,,,,,,,,,,,,,,,,,,,
2025-04-02,,,,,,INFY,IT Sector,,,,,,,,,,,,,,,,1550.1500244140625,1555.6500244140625,1535.199951171875,1535.199951171875,6193478.0,,,,,,,,,,,,,,,,,,,,,,,,,,,,,,,,,,,,,,,,,,,,,,,,,,,,,,,,,,,,,,,,,,,,,,,,,,,,,,,,,
2025-04-03,,,,,,INFY,IT Sector,,,,,,,,,,,,,,,,1496.5,1534.6500244140625,1485.050048828125,1534.6500244140625,10459504.0,,,,,,,,,,,,,,,,,,,,,,,,,,,,,,,,,,,,,,,,,,,,,,,,,,,,,,,,,,,,,,,,,,,,,,,,,,,,,,,,,
2025-04-04,,,,,,INFY,IT Sector,,,,,,,,,,,,,,,,1451.6500244140625,1472.0,1448.0,1460.5,9590254.0,,,,,,,,,,,,,,,,,,,,,,,,,,,,,,,,,,,,,,,,,,,,,,,,,,,,,,,,,,,,,,,,,,,,,,,,,,,,,,,,,
2025-04-07,,,,,,INFY,IT Sector,,,,,,,,,,,,,,,,1396.75,1405.9000244140625,1307.0,1352.0,21715252.0,,,,,,,,,,,,,,,,,,,,,,,,,,,,,,,,,,,,,,,,,,,,,,,,,,,,,,,,,,,,,,,,,,,,,,,,,,,,,,,,,
2025-04-08,,,,,,INFY,IT Sector,,,,,,,,,,,,,,,,1428.800048828125,1456.5,1415.0,1431.0,12805001.0,,,,,,,,,,,,,,,,,,,,,,,,,,,,,,,,,,,,,,,,,,,,,,,,,,,,,,,,,,,,,,,,,,,,,,,,,,,,,,,,,
2025-04-09,,,,,,INFY,IT Sector,,,,,,,,,,,,,,,,1403.699951171875,1409.449951171875,1381.9000244140625,1405.050048828125,8546854.0,,,,,,,,,,,,,,,,,,,,,,,,,,,,,,,,,,,,,,,,,,,,,,,,,,,,,,,,,,,,,,,,,,,,,,,,,,,,,,,,,
2025-04-11,,,,,,INFY,IT Sector,,,,,,,,,,,,,,,,1409.449951171875,1438.800048828125,1397.050048828125,1411.25,12567440.0,,,,,,,,,,,,,,,,,,,,,,,,,,,,,,,,,,,,,,,,,,,,,,,,,,,,,,,,,,,,,,,,,,,,,,,,,,,,,,,,,
2025-04-15,,,,,,INFY,IT Sector,,,,,,,,,,,,,,,,1426.0,1447.699951171875,1409.0,1445.5999755859375,10178530.0,,,,,,,,,,,,,,,,,,,,,,,,,,,,,,,,,,,,,,,,,,,,,,,,,,,,,,,,,,,,,,,,,,,,,,,,,,,,,,,,,
2025-04-16,,,,,,INFY,IT Sector,,,,,,,,,,,,,,,,1413.0999755859375,1427.5,1396.800048828125,1425.0,12022740.0,,,,,,,,,,,,,,,,,,,,,,,,,,,,,,,,,,,,,,,,,,,,,,,,,,,,,,,,,,,,,,,,,,,,,,,,,,,,,,,,,
2025-04-17,,,,,,INFY,IT Sector,,,,,,,,,,,,,,,,1419.5,1429.800048828125,1378.300048828125,1398.0,14264227.0,,,,,,,,,,,,,,,,,,,,,,,,,,,,,,,,,,,,,,,,,,,,,,,,,,,,,,,,,,,,,,,,,,,,,,,,,,,,,,,,,
2025-04-21,,,,,,INFY,IT Sector,,,,,,,,,,,,,,,,1451.0,1471.800048828125,1410.0,1410.0,15648970.0,,,,,,,,,,,,,,,,,,,,,,,,,,,,,,,,,,,,,,,,,,,,,,,,,,,,,,,,,,,,,,,,,,,,,,,,,,,,,,,,,
2025-04-22,,,,,,INFY,IT Sector,,,,,,,,,,,,,,,,1422.800048828125,1440.0,1419.300048828125,1440.0,9399738.0,,,,,,,,,,,,,,,,,,,,,,,,,,,,,,,,,,,,,,,,,,,,,,,,,,,,,,,,,,,,,,,,,,,,,,,,,,,,,,,,,
2025-04-23,,,,,,INFY,IT Sector,,,,,,,,,,,,,,,,1474.9000244140625,1487.800048828125,1439.5999755859375,1446.0,11136642.0,,,,,,,,,,,,,,,,,,,,,,,,,,,,,,,,,,,,,,,,,,,,,,,,,,,,,,,,,,,,,,,,,,,,,,,,,,,,,,,,,
2025-04-24,,,,,,INFY,IT Sector,,,,,,,,,,,,,,,,1471.4000244140625,1482.9000244140625,1461.5,1469.9000244140625,7114292.0,,,,,,,,,,,,,,,,,,,,,,,,,,,,,,,,,,,,,,,,,,,,,,,,,,,,,,,,,,,,,,,,,,,,,,,,,,,,,,,,,
2025-04-25,,,,,,INFY,IT Sector,,,,,,,,,,,,,,,,1480.199951171875,1501.699951171875,1463.5,1475.5,8329979.0,,,,,,,,,,,,,,,,,,,,,,,,,,,,,,,,,,,,,,,,,,,,,,,,,,,,,,,,,,,,,,,,,,,,,,,,,,,,,,,,,
2025-04-28,,,,,,INFY,IT Sector,,,,,,,,,,,,,,,,1482.0999755859375,1489.5999755859375,1465.300048828125,1480.199951171875,5886253.0,,,,,,,,,,,,,,,,,,,,,,,,,,,,,,,,,,,,,,,,,,,,,,,,,,,,,,,,,,,,,,,,,,,,,,,,,,,,,,,,,
2025-04-29,,,,,,INFY,IT Sector,,,,,,,,,,,,,,,,1497.5,1509.800048828125,1474.0999755859375,1482.0,8056743.0,,,,,,,,,,,,,,,,,,,,,,,,,,,,,,,,,,,,,,,,,,,,,,,,,,,,,,,,,,,,,,,,,,,,,,,,,,,,,,,,,
2025-04-30,,,,,,INFY,IT Sector,,,,,,,,,,,,,,,,1500.0999755859375,1508.800048828125,1482.5999755859375,1496.800048828125,7704183.0,,,,,,,,,,,,,,,,,,,,,,,,,,,,,,,,,,,,,,,,,,,,,,,,,,,,,,,,,,,,,,,,,,,,,,,,,,,,,,,,,
2025-04-01,,,,,,WIPRO,IT Sector,,,,,,,,,,,,,,,,,,,,,262.6000061035156,263.0,258.5,260.3500061035156,8388635.0,,,,,,,,,,,,,,,,,,,,,,,,,,,,,,,,,,,,,,,,,,,,,,,,,,,,,,,,,,,,,,,,,,,,,,,,,,,,
2025-04-02,,,,,,WIPRO,IT Sector,,,,,,,,,,,,,,,,,,,,,263.6000061035156,265.54998779296875,261.1000061035156,262.79998779296875,7136992.0,,,,,,,,,,,,,,,,,,,,,,,,,,,,,,,,,,,,,,,,,,,,,,,,,,,,,,,,,,,,,,,,,,,,,,,,,,,,
2025-04-03,,,,,,WIPRO,IT Sector,,,,,,,,,,,,,,,,,,,,,256.3500061035156,260.5,255.3000030517578,259.8999938964844,12262561.0,,,,,,,,,,,,,,,,,,,,,,,,,,,,,,,,,,,,,,,,,,,,,,,,,,,,,,,,,,,,,,,,,,,,,,,,,,,,
2025-04-04,,,,,,WIPRO,IT Sector,,,,,,,,,,,,,,,,,,,,,246.3000030517578,253.9499969482422,244.85000610351562,253.0,14639785.0,,,,,,,,,,,,,,,,,,,,,,,,,,,,,,,,,,,,,,,,,,,,,,,,,,,,,,,,,,,,,,,,,,,,,,,,,,,,
2025-04-07,,,,,,WIPRO,IT Sector,,,,,,,,,,,,,,,,,,,,,242.89999389648438,243.85000610351562,228.0,231.0500030517578,13011904.0,,,,,,,,,,,,,,,,,,,,,,,,,,,,,,,,,,,,,,,,,,,,,,,,,,,,,,,,,,,,,,,,,,,,,,,,,,,,
2025-04-08,,,,,,WIPRO,IT Sector,,,,,,,,,,,,,,,,,,,,,247.25,249.5,243.85000610351562,244.75,13806651.0,,,,,,,,,,,,,,,,,,,,,,,,,,,,,,,,,,,,,,,,,,,,,,,,,,,,,,,,,,,,,,,,,,,,,,,,,,,,
2025-04-09,,,,,,WIPRO,IT Sector,,,,,,,,,,,,,,,,,,,,,236.64999389648438,242.3000030517578,234.0,240.6999969482422,19063559.0,,,,,,,,,,,,,,,,,,,,,,,,,,,,,,,,,,,,,,,,,,,,,,,,,,,,,,,,,,,,,,,,,,,,,,,,,,,,
2025-04-11,,,,,,WIPRO,IT Sector,,,,,,,,,,,,,,,,,,,,,239.75,245.0,238.35000610351562,245.0,11205821.0,,,,,,,,,,,,,,,,,,,,,,,,,,,,,,,,,,,,,,,,,,,,,,,,,,,,,,,,,,,,,,,,,,,,,,,,,,,,
2025-04-15,,,,,,WIPRO,IT Sector,,,,,,,,,,,,,,,,,,,,,244.0,245.0500030517578,241.35000610351562,245.0500030517578,10694621.0,,,,,,,,,,,,,,,,,,,,,,,,,,,,,,,,,,,,,,,,,,,,,,,,,,,,,,,,,,,,,,,,,,,,,,,,,,,,
2025-04-16,,,,,,WIPRO,IT Sector,,,,,,,,,,,,,,,,,,,,,247.64999389648438,248.4499969482422,241.1999969482422,244.0,16203319.0,,,,,,,,,,,,,,,,,,,,,,,,,,,,,,,,,,,,,,,,,,,,,,,,,,,,,,,,,,,,,,,,,,,,,,,,,,,,
2025-04-17,,,,,,WIPRO,IT Sector,,,,,,,,,,,,,,,,,,,,,236.89999389648438,237.8000030517578,232.14999389648438,235.0,54875421.0,,,,,,,,,,,,,,,,,,,,,,,,,,,,,,,,,,,,,,,,,,,,,,,,,,,,,,,,,,,,,,,,,,,,,,,,,,,,
2025-04-21,,,,,,WIPRO,IT Sector,,,,,,,,,,,,,,,,,,,,,238.4499969482422,240.8000030517578,237.39999389648438,237.39999389648438,16298364.0,,,,,,,,,,,,,,,,,,,,,,,,,,,,,,,,,,,,,,,,,,,,,,,,,,,,,,,,,,,,,,,,,,,,,,,,,,,,
2025-04-22,,,,,,WIPRO,IT Sector,,,,,,,,,,,,,,,,,,,,,234.14999389648438,239.0,233.5,238.4499969482422,18367713.0,,,,,,,,,,,,,,,,,,,,,,,,,,,,,,,,,,,,,,,,,,,,,,,,,,,,,,,,,,,,,,,,,,,,,,,,,,,,
2025-04-23,,,,,,WIPRO,IT Sector,,,,,,,,,,,,,,,,,,,,,243.60000610351562,245.35000610351562,236.10000610351562,237.1999969482422,31898042.0,,,,,,,,,,,,,,,,,,,,,,,,,,,,,,,,,,,,,,,,,,,,,,,,,,,,,,,,,,,,,,,,,,,,,,,,,,,,
2025-04-24,,,,,,WIPRO,IT Sector,,,,,,,,,,,,,,,,,,,,,242.75,245.14999389648438,241.5,244.8000030517578,23000820.0,,,,,,,,,,,,,,,,,,,,,,,,,,,,,,,,,,,,,,,,,,,,,,,,,,,,,,,,,,,,,,,,,,,,,,,,,,,,
2025-04-25,,,,,,WIPRO,IT Sector,,,,,,,,,,,,,,,,,,,,,240.89999389648438,246.14999389648438,238.0500030517578,243.9499969482422,16620430.0,,,,,,,,,,,,,,,,,,,,,,,,,,,,,,,,,,,,,,,,,,,,,,,,,,,,,,,,,,,,,,,,,,,,,,,,,,,,
2025-04-28,,,,,,WIPRO,IT Sector,,,,,,,,,,,,,,,,,,,,,240.5,241.9499969482422,238.75,240.5,14218414.0,,,,,,,,,,,,,,,,,,,,,,,,,,,,,,,,,,,,,,,,,,,,,,,,,,,,,,,,,,,,,,,,,,,,,,,,,,,,
2025-04-29,,,,,,WIPRO,IT Sector,,,,,,,,,,,,,,,,,,,,,241.39999389648438,243.60000610351562,239.85000610351562,241.60000610351562,16647246.0,,,,,,,,,,,,,,,,,,,,,,,,,,,,,,,,,,,,,,,,,,,,,,,,,,,,,,,,,,,,,,,,,,,,,,,,,,,,
2025-04-30,,,,,,WIPRO,IT Sector,,,,,,,,,,,,,,,,,,,,,241.5,243.39999389648438,239.1999969482422,241.5500030517578,14206640.0,,,,,,,,,,,,,,,,,,,,,,,,,,,,,,,,,,,,,,,,,,,,,,,,,,,,,,,,,,,,,,,,,,,,,,,,,,,,
2025-04-01,,,,,,SUNPHARMA,Health Care,,,,,,,,,,,,,,,,,,,,,,,,,,1698.3499755859375,1733.949951171875,1681.5999755859375,1731.0,4142445.0,,,,,,,,,,,,,,,,,,,,,,,,,,,,,,,,,,,,,,,,,,,,,,,,,,,,,,,,,,,,,,,,,,,,,,,
2025-04-02,,,,,,SUNPHARMA,Health Care,,,,,,,,,,,,,,,,,,,,,,,,,,1713.6500244140625,1718.449951171875,1685.9000244140625,1695.0,3369489.0,,,,,,,,,,,,,,,,,,,,,,,,,,,,,,,,,,,,,,,,,,,,,,,,,,,,,,,,,,,,,,,,,,,,,,,
2025-04-03,,,,,,SUNPHARMA,Health Care,,,,,,,,,,,,,,,,,,,,,,,,,,1770.0,1812.699951171875,1750.0,1755.0,5715573.0,,,,,,,,,,,,,,,,,,,,,,,,,,,,,,,,,,,,,,,,,,,,,,,,,,,,,,,,,,,,,,,,,,,,,,,
2025-04-04,,,,,,SUNPHARMA,Health Care,,,,,,,,,,,,,,,,,,,,,,,,,,1709.3499755859375,1778.8499755859375,1658.050048828125,1778.8499755859375,5345276.0,,,,,,,,,,,,,,,,,,,,,,,,,,,,,,,,,,,,,,,,,,,,,,,,,,,,,,,,,,,,,,,,,,,,,,,
2025-04-07,,,,,,SUNPHARMA,Health Care,,,,,,,,,,,,,,,,,,,,,,,,,,1666.3499755859375,1692.0,1620.0999755859375,1620.0999755859375,5715334.0,,,,,,,,,,,,,,,,,,,,,,,,,,,,,,,,,,,,,,,,,,,,,,,,,,,,,,,,,,,,,,,,,,,,,,,
2025-04-08,,,,,,SUNPHARMA,Health Care,,,,,,,,,,,,,,,,,,,,,,,,,,1688.3499755859375,1709.8499755859375,1645.0,1645.0,2807382.0,,,,,,,,,,,,,,,,,,,,,,,,,,,,,,,,,,,,,,,,,,,,,,,,,,,,,,,,,,,,,,,,,,,,,,,
2025-04-09,,,,,,SUNPHARMA,Health Care,,,,,,,,,,,,,,,,,,,,,,,,,,1652.199951171875,1679.75,1640.0,1650.0,3481864.0,,,,,,,,,,,,,,,,,,,,,,,,,,,,,,,,,,,,,,,,,,,,,,,,,,,,,,,,,,,,,,,,,,,,,,,
2025-04-11,,,,,,SUNPHARMA,Health Care,,,,,,,,,,,,,,,,,,,,,,,,,,1687.550048828125,1737.0,1682.0999755859375,1710.0,3801939.0,,,,,,,,,,,,,,,,,,,,,,,,,,,,,,,,,,,,,,,,,,,,,,,,,,,,,,,,,,,,,,,,,,,,,,,
2025-04-15,,,,,,SUNPHARMA,Health Care,,,,,,,,,,,,,,,,,,,,,,,,,,1705.0,1724.5,1696.800048828125,1720.0,1993085.0,,,,,,,,,,,,,,,,,,,,,,,,,,,,,,,,,,,,,,,,,,,,,,,,,,,,,,,,,,,,,,,,,,,,,,,
2025-04-16,,,,,,SUNPHARMA,Health Care,,,,,,,,,,,,,,,,,,,,,,,,,,1693.0999755859375,1702.699951171875,1682.0999755859375,1691.0999755859375,2205374.0,,,,,,,,,,,,,,,,,,,,,,,,,,,,,,,,,,,,,,,,,,,,,,,,,,,,,,,,,,,,,,,,,,,,,,,
2025-04-17,,,,,,SUNPHARMA,Health Care,,,,,,,,,,,,,,,,,,,,,,,,,,1751.5,1758.0,1687.4000244140625,1695.0,2683908.0,,,,,,,,,,,,,,,,,,,,,,,,,,,,,,,,,,,,,,,,,,,,,,,,,,,,,,,,,,,,,,,,,,,,,,,
2025-04-21,,,,,,SUNPHARMA,Health Care,,,,,,,,,,,,,,,,,,,,,,,,,,1744.9000244140625,1761.0,1731.300048828125,1761.0,1539511.0,,,,,,,,,,,,,,,,,,,,,,,,,,,,,,,,,,,,,,,,,,,,,,,,,,,,,,,,,,,,,,,,,,,,,,,
2025-04-22,,,,,,SUNPHARMA,Health Care,,,,,,,,,,,,,,,,,,,,,,,,,,1747.4000244140625,1755.0,1734.5,1751.0,961907.0,,,,,,,,,,,,,,,,,,,,,,,,,,,,,,,,,,,,,,,,,,,,,,,,,,,,,,,,,,,,,,,,,,,,,,,
2025-04-23,,,,,,SUNPHARMA,Health Care,,,,,,,,,,,,,,,,,,,,,,,,,,1788.800048828125,1791.300048828125,1742.0999755859375,1754.199951171875,1471029.0,,,,,,,,,,,,,,,,,,,,,,,,,,,,,,,,,,,,,,,,,,,,,,,,,,,,,,,,,,,,,,,,,,,,,,,
2025-04-24,,,,,,SUNPHARMA,Health Care,,,,,,,,,,,,,,,,,,,,,,,,,,1803.9000244140625,1807.9000244140625,1773.9000244140625,1790.0,2101177.0,,,,,,,,,,,,,,,,,,,,,,,,,,,,,,,,,,,,,,,,,,,,,,,,,,,,,,,,,,,,,,,,,,,,,,,
2025-04-25,,,,,,SUNPHARMA,Health Care,,,,,,,,,,,,,,,,,,,,,,,,,,1787.4000244140625,1815.5,1764.199951171875,1806.0,2036801.0,,,,,,,,,,,,,,,,,,,,,,,,,,,,,,,,,,,,,,,,,,,,,,,,,,,,,,,,,,,,,,,,,,,,,,,
2025-04-28,,,,,,SUNPHARMA,Health Care,,,,,,,,,,,,,,,,,,,,,,,,,,1841.5999755859375,1846.0,1781.199951171875,1787.4000244140625,3216482.0,,,,,,,,,,,,,,,,,,,,,,,,,,,,,,,,,,,,,,,,,,,,,,,,,,,,,,,,,,,,,,,,,,,,,,,
2025-04-29,,,,,,SUNPHARMA,Health Care,,,,,,,,,,,,,,,,,,,,,,,,,,1805.5,1846.0,1797.0,1845.0,2886160.0,,,,,,,,,,,,,,,,,,,,,,,,,,,,,,,,,,,,,,,,,,,,,,,,,,,,,,,,,,,,,,,,,,,,,,,
2025-04-30,,,,,,SUNPHARMA,Health Care,,,,,,,,,,,,,,,,,,,,,,,,,,1832.300048828125,1838.9000244140625,1803.300048828125,1810.0,2667314.0,,,,,,,,,,,,,,,,,,,,,,,,,,,,,,,,,,,,,,,,,,,,,,,,,,,,,,,,,,,,,,,,,,,,,,,
2025-04-01,,,,,,DRREDDY,Health Care,,,,,,,,,,,,,,,,,,,,,,,,,,,,,,,1152.199951171875,1164.4000244140625,1136.050048828125,1144.199951171875,4158012.0,,,,,,,,,,,,,,,,,,,,,,,,,,,,,,,,,,,,,,,,,,,,,,,,,,,,,,,,,,,,,,,,,,
2025-04-02,,,,,,DRREDDY,Health Care,,,,,,,,,,,,,,,,,,,,,,,,,,,,,,,1150.0,1152.699951171875,1135.0,1150.0,2071245.0,,,,,,,,,,,,,,,,,,,,,,,,,,,,,,,,,,,,,,,,,,,,,,,,,,,,,,,,,,,,,,,,,,
2025-04-03,,,,,,DRREDDY,Health Care,,,,,,,,,,,,,,,,,,,,,,,,,,,,,,,1151.449951171875,1226.9000244140625,1149.050048828125,1190.5,6324685.0,,,,,,,,,,,,,,,,,,,,,,,,,,,,,,,,,,,,,,,,,,,,,,,,,,,,,,,,,,,,,,,,,,
2025-04-04,,,,,,DRREDDY,Health Care,,,,,,,,,,,,,,,,,,,,,,,,,,,,,,,1109.949951171875,1157.449951171875,1076.199951171875,1151.800048828125,5423861.0,,,,,,,,,,,,,,,,,,,,,,,,,,,,,,,,,,,,,,,,,,,,,,,,,,,,,,,,,,,,,,,,,,
2025-04-07,,,,,,DRREDDY,Health Care,,,,,,,,,,,,,,,,,,,,,,,,,,,,,,,1087.9000244140625,1098.8499755859375,1020.0,1020.0,3888037.0,,,,,,,,,,,,,,,,,,,,,,,,,,,,,,,,,,,,,,,,,,,,,,,,,,,,,,,,,,,,,,,,,,
2025-04-08,,,,,,DRREDDY,Health Care,,,,,,,,,,,,,,,,,,,,,,,,,,,,,,,1107.949951171875,1113.6500244140625,1088.699951171875,1100.0,1577632.0,,,,,,,,,,,,,,,,,,,,,,,,,,,,,,,,,,,,,,,,,,,,,,,,,,,,,,,,,,,,,,,,,,
2025-04-09,,,,,,DRREDDY,Health Care,,,,,,,,,,,,,,,,,,,,,,,,,,,,,,,1094.050048828125,1103.25,1061.6500244140625,1094.5,5511474.0,,,,,,,,,,,,,,,,,,,,,,,,,,,,,,,,,,,,,,,,,,,,,,,,,,,,,,,,,,,,,,,,,,
2025-04-11,,,,,,DRREDDY,Health Care,,,,,,,,,,,,,,,,,,,,,,,,,,,,,,,1109.5,1139.9000244140625,1102.25,1139.9000244140625,2740831.0,,,,,,,,,,,,,,,,,,,,,,,,,,,,,,,,,,,,,,,,,,,,,,,,,,,,,,,,,,,,,,,,,,
2025-04-15,,,,,,DRREDDY,Health Care,,,,,,,,,,,,,,,,,,,,,,,,,,,,,,,1154.9000244140625,1158.0999755859375,1129.0,1140.9000244140625,2683350.0,,,,,,,,,,,,,,,,,,,,,,,,,,,,,,,,,,,,,,,,,,,,,,,,,,,,,,,,,,,,,,,,,,
2025-04-16,,,,,,DRREDDY,Health Care,,,,,,,,,,,,,,,,,,,,,,,,,,,,,,,1158.4000244140625,1161.4000244140625,1143.699951171875,1150.199951171875,1451875.0,,,,,,,,,,,,,,,,,,,,,,,,,,,,,,,,,,,,,,,,,,,,,,,,,,,,,,,,,,,,,,,,,,
2025-04-17,,,,,,DRREDDY,Health Care,,,,,,,,,,,,,,,,,,,,,,,,,,,,,,,1163.5999755859375,1173.5999755859375,1150.0999755859375,1150.0999755859375,2788024.0,,,,,,,,,,,,,,,,,,,,,,,,,,,,,,,,,,,,,,,,,,,,,,,,,,,,,,,,,,,,,,,,,,
2025-04-21,,,,,,DRREDDY,Health Care,,,,,,,,,,,,,,,,,,,,,,,,,,,,,,,1177.4000244140625,1179.699951171875,1155.0,1163.4000244140625,1938756.0,,,,,,,,,,,,,,,,,,,,,,,,,,,,,,,,,,,,,,,,,,,,,,,,,,,,,,,,,,,,,,,,,,
2025-04-22,,,,,,DRREDDY,Health Care,,,,,,,,,,,,,,,,,,,,,,,,,,,,,,,1175.0,1180.5,1162.300048828125,1173.9000244140625,1313400.0,,,,,,,,,,,,,,,,,,,,,,,,,,,,,,,,,,,,,,,,,,,,,,,,,,,,,,,,,,,,,,,,,,
2025-04-23,,,,,,DRREDDY,Health Care,,,,,,,,,,,,,,,,,,,,,,,,,,,,,,,1186.0,1191.800048828125,1175.9000244140625,1185.0999755859375,3192132.0,,,,,,,,,,,,,,,,,,,,,,,,,,,,,,,,,,,,,,,,,,,,,,,,,,,,,,,,,,,,,,,,,,
2025-04-24,,,,,,DRREDDY,Health Care,,,,,,,,,,,,,,,,,,,,,,,,,,,,,,,1200.5,1210.0,1176.300048828125,1179.0,4819678.0,,,,,,,,,,,,,,,,,,,,,,,,,,,,,,,,,,,,,,,,,,,,,,,,,,,,,,,,,,,,,,,,,,
2025-04-25,,,,,,DRREDDY,Health Care,,,,,,,,,,,,,,,,,,,,,,,,,,,,,,,1174.800048828125,1210.5,1159.699951171875,1203.9000244140625,1286573.0,,,,,,,,,,,,,,,,,,,,,,,,,,,,,,,,,,,,,,,,,,,,,,,,,,,,,,,,,,,,,,,,,,
2025-04-28,,,,,,DRREDDY,Health Care,,,,,,,,,,,,,,,,,,,,,,,,,,,,,,,1198.699951171875,1205.0,1176.300048828125,1176.300048828125,1236678.0,,,,,,,,,,,,,,,,,,,,,,,,,,,,,,,,,,,,,,,,,,,,,,,,,,,,,,,,,,,,,,,,,,
2025-04-29,,,,,,DRREDDY,Health Care,,,,,,,,,,,,,,,,,,,,,,,,,,,,,,,1176.0,1204.4000244140625,1169.0,1204.4000244140625,1663018.0,,,,,,,,,,,,,,,,,,,,,,,,,,,,,,,,,,,,,,,,,,,,,,,,,,,,,,,,,,,,,,,,,,
2025-04-30,,,,,,DRREDDY,Health Care,,,,,,,,,,,,,,,,,,,,,,,,,,,,,,,1183.9000244140625,1196.5999755859375,1175.9000244140625,1176.199951171875,1604442.0,,,,,,,,,,,,,,,,,,,,,,,,,,,,,,,,,,,,,,,,,,,,,,,,,,,,,,,,,,,,,,,,,,
2025-04-01,,,,,,CIPLA,Health Care,,,,,,,,,,,,,,,,,,,,,,,,,,,,,,,,,,,,1444.25,1466.0,1429.0,1438.550048828125,1080262.0,,,,,,,,,,,,,,,,,,,,,,,,,,,,,,,,,,,,,,,,,,,,,,,,,,,,,,,,,,,,,
2025-04-02,,,,,,CIPLA,Health Care,,,,,,,,,,,,,,,,,,,,,,,,,,,,,,,,,,,,1452.3499755859375,1464.0,1428.4000244140625,1441.0,1054143.0,,,,,,,,,,,,,,,,,,,,,,,,,,,,,,,,,,,,,,,,,,,,,,,,,,,,,,,,,,,,,
2025-04-03,,,,,,CIPLA,Health Care,,,,,,,,,,,,,,,,,,,,,,,,,,,,,,,,,,,,1495.699951171875,1523.300048828125,1480.0,1482.0,3488899.0,,,,,,,,,,,,,,,,,,,,,,,,,,,,,,,,,,,,,,,,,,,,,,,,,,,,,,,,,,,,,
2025-04-04,,,,,,CIPLA,Health Care,,,,,,,,,,,,,,,,,,,,,,,,,,,,,,,,,,,,1415.25,1495.699951171875,1390.050048828125,1495.699951171875,2768438.0,,,,,,,,,,,,,,,,,,,,,,,,,,,,,,,,,,,,,,,,,,,,,,,,,,,,,,,,,,,,,
2025-04-07,,,,,,CIPLA,Health Care,,,,,,,,,,,,,,,,,,,,,,,,,,,,,,,,,,,,1384.699951171875,1401.3499755859375,1335.0,1336.0,1604721.0,,,,,,,,,,,,,,,,,,,,,,,,,,,,,,,,,,,,,,,,,,,,,,,,,,,,,,,,,,,,,
2025-04-08,,,,,,CIPLA,Health Care,,,,,,,,,,,,,,,,,,,,,,,,,,,,,,,,,,,,1432.550048828125,1437.5999755859375,1382.6500244140625,1394.800048828125,1324180.0,,,,,,,,,,,,,,,,,,,,,,,,,,,,,,,,,,,,,,,,,,,,,,,,,,,,,,,,,,,,,
2025-04-09,,,,,,CIPLA,Health Care,,,,,,,,,,,,,,,,,,,,,,,,,,,,,,,,,,,,1415.5999755859375,1423.0,1396.050048828125,1416.5,1701314.0,,,,,,,,,,,,,,,,,,,,,,,,,,,,,,,,,,,,,,,,,,,,,,,,,,,,,,,,,,,,,
2025-04-11,,,,,,CIPLA,Health Care,,,,,,,,,,,,,,,,,,,,,,,,,,,,,,,,,,,,1463.050048828125,1488.5,1448.550048828125,1460.0,2311803.0,,,,,,,,,,,,,,,,,,,,,,,,,,,,,,,,,,,,,,,,,,,,,,,,,,,,,,,,,,,,,
2025-04-15,,,,,,CIPLA,Health Care,,,,,,,,,,,,,,,,,,,,,,,,,,,,,,,,,,,,1481.800048828125,1485.9000244140625,1462.0999755859375,1482.199951171875,1720323.0,,,,,,,,,,,,,,,,,,,,,,,,,,,,,,,,,,,,,,,,,,,,,,,,,,,,,,,,,,,,,
2025-04-16,,,,,,CIPLA,Health Care,,,,,,,,,,,,,,,,,,,,,,,,,,,,,,,,,,,,1496.4000244140625,1499.0,1464.4000244140625,1467.0999755859375,1023697.0,,,,,,,,,,,,,,,,,,,,,,,,,,,,,,,,,,,,,,,,,,,,,,,,,,,,,,,,,,,,,
2025-04-17,,,,,,CIPLA,Health Care,,,,,,,,,,,,,,,,,,,,,,,,,,,,,,,,,,,,1515.199951171875,1522.0,1486.0,1498.0,1211601.0,,,,,,,,,,,,,,,,,,,,,,,,,,,,,,,,,,,,,,,,,,,,,,,,,,,,,,,,,,,,,
2025-04-21,,,,,,CIPLA,Health Care,,,,,,,,,,,,,,,,,,,,,,,,,,,,,,,,,,,,1511.0999755859375,1525.0,1505.0,1525.0,570266.0,,,,,,,,,,,,,,,,,,,,,,,,,,,,,,,,,,,,,,,,,,,,,,,,,,,,,,,,,,,,,
2025-04-22,,,,,,CIPLA,Health Care,,,,,,,,,,,,,,,,,,,,,,,,,,,,,,,,,,,,1528.199951171875,1534.699951171875,1502.699951171875,1514.9000244140625,954974.0,,,,,,,,,,,,,,,,,,,,,,,,,,,,,,,,,,,,,,,,,,,,,,,,,,,,,,,,,,,,,
2025-04-23,,,,,,CIPLA,Health Care,,,,,,,,,,,,,,,,,,,,,,,,,,,,,,,,,,,,1533.699951171875,1539.0,1516.0,1533.0,819016.0,,,,,,,,,,,,,,,,,,,,,,,,,,,,,,,,,,,,,,,,,,,,,,,,,,,,,,,,,,,,,
2025-04-24,,,,,,CIPLA,Health Care,,,,,,,,,,,,,,,,,,,,,,,,,,,,,,,,,,,,1551.699951171875,1556.0,1524.9000244140625,1533.699951171875,1590469.0,,,,,,,,,,,,,,,,,,,,,,,,,,,,,,,,,,,,,,,,,,,,,,,,,,,,,,,,,,,,,
2025-04-25,,,,,,CIPLA,Health Care,,,,,,,,,,,,,,,,,,,,,,,,,,,,,,,,,,,,1525.9000244140625,1566.699951171875,1513.5,1556.0,1353813.0,,,,,,,,,,,,,,,,,,,,,,,,,,,,,,,,,,,,,,,,,,,,,,,,,,,,,,,,,,,,,
2025-04-28,,,,,,CIPLA,Health Care,,,,,,,,,,,,,,,,,,,,,,,,,,,,,,,,,,,,1555.0999755859375,1565.0,1525.9000244140625,1525.9000244140625,1207247.0,,,,,,,,,,,,,,,,,,,,,,,,,,,,,,,,,,,,,,,,,,,,,,,,,,,,,,,,,,,,,
2025-04-29,,,,,,CIPLA,Health Care,,,,,,,,,,,,,,,,,,,,,,,,,,,,,,,,,,,,1541.5,1560.5999755859375,1531.0,1555.0,1385331.0,,,,,,,,,,,,,,,,,,,,,,,,,,,,,,,,,,,,,,,,,,,,,,,,,,,,,,,,,,,,,
2025-04-30,,,,,,CIPLA,Health Care,,,,,,,,,,,,,,,,,,,,,,,,,,,,,,,,,,,,1550.0999755859375,1570.800048828125,1538.0,1542.0,2315010.0,,,,,,,,,,,,,,,,,,,,,,,,,,,,,,,,,,,,,,,,,,,,,,,,,,,,,,,,,,,,,
2025-04-01,,,,,,LUPIN,Health Care,,,,,,,,,,,,,,,,,,,,,,,,,,,,,,,,,,,,,,,,,1955.4000244140625,2021.949951171875,1944.050048828125,2017.6500244140625,1111639.0,,,,,,,,,,,,,,,,,,,,,,,,,,,,,,,,,,,,,,,,,,,,,,,,,,,,,,,,
2025-04-02,,,,,,LUPIN,Health Care,,,,,,,,,,,,,,,,,,,,,,,,,,,,,,,,,,,,,,,,,2009.699951171875,2019.5,1938.550048828125,1959.25,1464336.0,,,,,,,,,,,,,,,,,,,,,,,,,,,,,,,,,,,,,,,,,,,,,,,,,,,,,,,,
2025-04-03,,,,,,LUPIN,Health Care,,,,,,,,,,,,,,,,,,,,,,,,,,,,,,,,,,,,,,,,,2095.699951171875,2150.0,2070.050048828125,2100.0,3329584.0,,,,,,,,,,,,,,,,,,,,,,,,,,,,,,,,,,,,,,,,,,,,,,,,,,,,,,,,
2025-04-04,,,,,,LUPIN,Health Care,,,,,,,,,,,,,,,,,,,,,,,,,,,,,,,,,,,,,,,,,1971.050048828125,2089.949951171875,1916.0,2089.949951171875,3086633.0,,,,,,,,,,,,,,,,,,,,,,,,,,,,,,,,,,,,,,,,,,,,,,,,,,,,,,,,
2025-04-07,,,,,,LUPIN,Health Care,,,,,,,,,,,,,,,,,,,,,,,,,,,,,,,,,,,,,,,,,1923.050048828125,1956.949951171875,1795.199951171875,1795.199951171875,1989646.0,,,,,,,,,,,,,,,,,,,,,,,,,,,,,,,,,,,,,,,,,,,,,,,,,,,,,,,,
2025-04-08,,,,,,LUPIN,Health Care,,,,,,,,,,,,,,,,,,,,,,,,,,,,,,,,,,,,,,,,,1982.6500244140625,1991.4000244140625,1925.3499755859375,1931.0999755859375,796915.0,,,,,,,,,,,,,,,,,,,,,,,,,,,,,,,,,,,,,,,,,,,,,,,,,,,,,,,,
2025-04-09,,,,,,LUPIN,Health Care,,,,,,,,,,,,,,,,,,,,,,,,,,,,,,,,,,,,,,,,,1919.699951171875,1939.25,1908.0,1935.0,1112795.0,,,,,,,,,,,,,,,,,,,,,,,,,,,,,,,,,,,,,,,,,,,,,,,,,,,,,,,,
2025-04-11,,,,,,LUPIN,Health Care,,,,,,,,,,,,,,,,,,,,,,,,,,,,,,,,,,,,,,,,,1969.25,2018.6500244140625,1950.0,2010.6500244140625,1084881.0,,,,,,,,,,,,,,,,,,,,,,,,,,,,,,,,,,,,,,,,,,,,,,,,,,,,,,,,
2025-04-15,,,,,,LUPIN,Health Care,,,,,,,,,,,,,,,,,,,,,,,,,,,,,,,,,,,,,,,,,2012.800048828125,2030.0,1980.300048828125,2030.0,1250417.0,,,,,,,,,,,,,,,,,,,,,,,,,,,,,,,,,,,,,,,,,,,,,,,,,,,,,,,,
2025-04-16,,,,,,LUPIN,Health Care,,,,,,,,,,,,,,,,,,,,,,,,,,,,,,,,,,,,,,,,,1934.199951171875,2029.199951171875,1921.0,2008.199951171875,2011566.0,,,,,,,,,,,,,,,,,,,,,,,,,,,,,,,,,,,,,,,,,,,,,,,,,,,,,,,,
2025-04-17,,,,,,LUPIN,Health Care,,,,,,,,,,,,,,,,,,,,,,,,,,,,,,,,,,,,,,,,,1937.199951171875,1961.9000244140625,1922.0999755859375,1935.0,1443207.0,,,,,,,,,,,,,,,,,,,,,,,,,,,,,,,,,,,,,,,,,,,,,,,,,,,,,,,,
2025-04-21,,,,,,LUPIN,Health Care,,,,,,,,,,,,,,,,,,,,,,,,,,,,,,,,,,,,,,,,,2009.199951171875,2014.5999755859375,1928.4000244140625,1954.199951171875,966828.0,,,,,,,,,,,,,,,,,,,,,,,,,,,,,,,,,,,,,,,,,,,,,,,,,,,,,,,,
2025-04-22,,,,,,LUPIN,Health Care,,,,,,,,,,,,,,,,,,,,,,,,,,,,,,,,,,,,,,,,,2046.699951171875,2061.0,1987.0,2003.0,1256110.0,,,,,,,,,,,,,,,,,,,,,,,,,,,,,,,,,,,,,,,,,,,,,,,,,,,,,,,,
2025-04-23,,,,,,LUPIN,Health Care,,,,,,,,,,,,,,,,,,,,,,,,,,,,,,,,,,,,,,,,,2089.5,2104.10009765625,2033.9000244140625,2052.0,1092068.0,,,,,,,,,,,,,,,,,,,,,,,,,,,,,,,,,,,,,,,,,,,,,,,,,,,,,,,,
2025-04-24,,,,,,LUPIN,Health Care,,,,,,,,,,,,,,,,,,,,,,,,,,,,,,,,,,,,,,,,,2104.10009765625,2149.5,2082.5,2089.60009765625,1580520.0,,,,,,,,,,,,,,,,,,,,,,,,,,,,,,,,,,,,,,,,,,,,,,,,,,,,,,,,
2025-04-25,,,,,,LUPIN,Health Care,,,,,,,,,,,,,,,,,,,,,,,,,,,,,,,,,,,,,,,,,2019.5999755859375,2124.89990234375,2011.199951171875,2110.800048828125,725961.0,,,,,,,,,,,,,,,,,,,,,,,,,,,,,,,,,,,,,,,,,,,,,,,,,,,,,,,,
2025-04-28,,,,,,LUPIN,Health Care,,,,,,,,,,,,,,,,,,,,,,,,,,,,,,,,,,,,,,,,,2105.39990234375,2119.0,2015.0999755859375,2019.5999755859375,1393395.0,,,,,,,,,,,,,,,,,,,,,,,,,,,,,,,,,,,,,,,,,,,,,,,,,,,,,,,,
2025-04-29,,,,,,LUPIN,Health Care,,,,,,,,,,,,,,,,,,,,,,,,,,,,,,,,,,,,,,,,,2067.10009765625,2115.89990234375,2053.199951171875,2107.699951171875,1122651.0,,,,,,,,,,,,,,,,,,,,,,,,,,,,,,,,,,,,,,,,,,,,,,,,,,,,,,,,
2025-04-30,,,,,,LUPIN,Health Care,,,,,,,,,,,,,,,,,,,,,,,,,,,,,,,,,,,,,,,,,2095.60009765625,2117.0,2070.89990234375,2071.0,1018611.0,,,,,,,,,,,,,,,,,,,,,,,,,,,,,,,,,,,,,,,,,,,,,,,,,,,,,,,,
2025-04-01,,,,,,AUROPHARMA,Health Care,,,,,,,,,,,,,,,,,,,,,,,,,,,,,,,,,,,,,,,,,,,,,,1134.1500244140625,1186.199951171875,1126.449951171875,1156.5,1120912.0,,,,,,,,,,,,,,,,,,,,,,,,,,,,,,,,,,,,,,,,,,,,,,,,,,,
2025-04-02,,,,,,AUROPHARMA,Health Care,,,,,,,,,,,,,,,,,,,,,,,,,,,,,,,,,,,,,,,,,,,,,,1157.8499755859375,1161.949951171875,1117.4000244140625,1133.0,1036861.0,,,,,,,,,,,,,,,,,,,,,,,,,,,,,,,,,,,,,,,,,,,,,,,,,,,
2025-04-03,,,,,,AUROPHARMA,Health Care,,,,,,,,,,,,,,,,,,,,,,,,,,,,,,,,,,,,,,,,,,,,,,1176.3499755859375,1267.300048828125,1173.050048828125,1229.0,7501804.0,,,,,,,,,,,,,,,,,,,,,,,,,,,,,,,,,,,,,,,,,,,,,,,,,,,
2025-04-04,,,,,,AUROPHARMA,Health Care,,,,,,,,,,,,,,,,,,,,,,,,,,,,,,,,,,,,,,,,,,,,,,1105.3499755859375,1179.449951171875,1050.0999755859375,1177.0,7151515.0,,,,,,,,,,,,,,,,,,,,,,,,,,,,,,,,,,,,,,,,,,,,,,,,,,,
2025-04-07,,,,,,AUROPHARMA,Health Care,,,,,,,,,,,,,,,,,,,,,,,,,,,,,,,,,,,,,,,,,,,,,,1094.050048828125,1109.800048828125,1010.0,1010.0,2733813.0,,,,,,,,,,,,,,,,,,,,,,,,,,,,,,,,,,,,,,,,,,,,,,,,,,,
2025-04-08,,,,,,AUROPHARMA,Health Care,,,,,,,,,,,,,,,,,,,,,,,,,,,,,,,,,,,,,,,,,,,,,,1097.0,1128.9000244140625,1091.1500244140625,1100.300048828125,679847.0,,,,,,,,,,,,,,,,,,,,,,,,,,,,,,,,,,,,,,,,,,,,,,,,,,,
2025-04-09,,,,,,AUROPHARMA,Health Care,,,,,,,,,,,,,,,,,,,,,,,,,,,,,,,,,,,,,,,,,,,,,,1058.0,1076.5,1042.199951171875,1056.0999755859375,2530340.0,,,,,,,,,,,,,,,,,,,,,,,,,,,,,,,,,,,,,,,,,,,,,,,,,,,
2025-04-11,,,,,,AUROPHARMA,Health Care,,,,,,,,,,,,,,,,,,,,,,,,,,,,,,,,,,,,,,,,,,,,,,1082.449951171875,1109.800048828125,1073.0999755859375,1099.5,1559821.0,,,,,,,,,,,,,,,,,,,,,,,,,,,,,,,,,,,,,,,,,,,,,,,,,,,
2025-04-15,,,,,,AUROPHARMA,Health Care,,,,,,,,,,,,,,,,,,,,,,,,,,,,,,,,,,,,,,,,,,,,,,1134.699951171875,1138.0,1099.0,1110.0,1142896.0,,,,,,,,,,,,,,,,,,,,,,,,,,,,,,,,,,,,,,,,,,,,,,,,,,,
2025-04-16,,,,,,AUROPHARMA,Health Care,,,,,,,,,,,,,,,,,,,,,,,,,,,,,,,,,,,,,,,,,,,,,,1133.4000244140625,1152.800048828125,1119.300048828125,1138.0,1166098.0,,,,,,,,,,,,,,,,,,,,,,,,,,,,,,,,,,,,,,,,,,,,,,,,,,,
2025-04-17,,,,,,AUROPHARMA,Health Care,,,,,,,,,,,,,,,,,,,,,,,,,,,,,,,,,,,,,,,,,,,,,,1171.5999755859375,1174.0,1131.4000244140625,1133.5,769623.0,,,,,,,,,,,,,,,,,,,,,,,,,,,,,,,,,,,,,,,,,,,,,,,,,,,
2025-04-21,,,,,,AUROPHARMA,Health Care,,,,,,,,,,,,,,,,,,,,,,,,,,,,,,,,,,,,,,,,,,,,,,1201.199951171875,1203.5999755859375,1167.0,1180.0,653501.0,,,,,,,,,,,,,,,,,,,,,,,,,,,,,,,,,,,,,,,,,,,,,,,,,,,
2025-04-22,,,,,,AUROPHARMA,Health Care,,,,,,,,,,,,,,,,,,,,,,,,,,,,,,,,,,,,,,,,,,,,,,1187.699951171875,1215.4000244140625,1183.0,1201.199951171875,494883.0,,,,,,,,,,,,,,,,,,,,,,,,,,,,,,,,,,,,,,,,,,,,,,,,,,,
2025-04-23,,,,,,AUROPHARMA,Health Care,,,,,,,,,,,,,,,,,,,,,,,,,,,,,,,,,,,,,,,,,,,,,,1246.800048828125,1253.0,1182.800048828125,1204.0,1339975.0,,,,,,,,,,,,,,,,,,,,,,,,,,,,,,,,,,,,,,,,,,,,,,,,,,,
2025-04-24,,,,,,AUROPHARMA,Health Care,,,,,,,,,,,,,,,,,,,,,,,,,,,,,,,,,,,,,,,,,,,,,,1257.800048828125,1278.5999755859375,1239.800048828125,1246.800048828125,1338298.0,,,,,,,,,,,,,,,,,,,,,,,,,,,,,,,,,,,,,,,,,,,,,,,,,,,
2025-04-25,,,,,,AUROPHARMA,Health Care,,,,,,,,,,,,,,,,,,,,,,,,,,,,,,,,,,,,,,,,,,,,,,1220.0999755859375,1268.9000244140625,1210.0,1257.9000244140625,780001.0,,,,,,,,,,,,,,,,,,,,,,,,,,,,,,,,,,,,,,,,,,,,,,,,,,,
2025-04-28,,,,,,AUROPHARMA,Health Care,,,,,,,,,,,,,,,,,,,,,,,,,,,,,,,,,,,,,,,,,,,,,,1247.199951171875,1260.199951171875,1214.9000244140625,1216.0,1117663.0,,,,,,,,,,,,,,,,,,,,,,,,,,,,,,,,,,,,,,,,,,,,,,,,,,,
2025-04-29,,,,,,AUROPHARMA,Health Care,,,,,,,,,,,,,,,,,,,,,,,,,,,,,,,,,,,,,,,,,,,,,,1209.5999755859375,1244.0999755859375,1203.4000244140625,1238.4000244140625,1423459.0,,,,,,,,,,,,,,,,,,,,,,,,,,,,,,,,,,,,,,,,,,,,,,,,,,,
2025-04-30,,,,,,AUROPHARMA,Health Care,,,,,,,,,,,,,,,,,,,,,,,,,,,,,,,,,,,,,,,,,,,,,,1229.0999755859375,1235.0,1212.0,1213.300048828125,1099983.0,,,,,,,,,,,,,,,,,,,,,,,,,,,,,,,,,,,,,,,,,,,,,,,,,,,
2025-04-01,,,,,,DLF,Real Estate,,,,,,,,,,,,,,,,,,,,,,,,,,,,,,,,,,,,,,,,,,,,,,,,,,,663.0999755859375,678.8499755859375,653.3499755859375,678.3499755859375,3528179.0,,,,,,,,,,,,,,,,,,,,,,,,,,,,,,,,,,,,,,,,,,,,,,
2025-04-02,,,,,,DLF,Real Estate,,,,,,,,,,,,,,,,,,,,,,,,,,,,,,,,,,,,,,,,,,,,,,,,,,,683.1500244140625,685.0,658.0499877929688,662.5,3607433.0,,,,,,,,,,,,,,,,,,,,,,,,,,,,,,,,,,,,,,,,,,,,,,
2025-04-03,,,,,,DLF,Real Estate,,,,,,,,,,,,,,,,,,,,,,,,,,,,,,,,,,,,,,,,,,,,,,,,,,,680.0499877929688,691.7000122070312,675.5499877929688,677.0499877929688,1979635.0,,,,,,,,,,,,,,,,,,,,,,,,,,,,,,,,,,,,,,,,,,,,,,
2025-04-04,,,,,,DLF,Real Estate,,,,,,,,,,,,,,,,,,,,,,,,,,,,,,,,,,,,,,,,,,,,,,,,,,,653.9500122070312,679.7000122070312,648.75,678.0,2860941.0,,,,,,,,,,,,,,,,,,,,,,,,,,,,,,,,,,,,,,,,,,,,,,
2025-04-07,,,,,,DLF,Real Estate,,,,,,,,,,,,,,,,,,,,,,,,,,,,,,,,,,,,,,,,,,,,,,,,,,,608.0499877929688,627.4500122070312,601.2000122070312,615.0,4377794.0,,,,,,,,,,,,,,,,,,,,,,,,,,,,,,,,,,,,,,,,,,,,,,
2025-04-08,,,,,,DLF,Real Estate,,,,,,,,,,,,,,,,,,,,,,,,,,,,,,,,,,,,,,,,,,,,,,,,,,,621.5499877929688,632.9000244140625,611.25,621.0499877929688,3688073.0,,,,,,,,,,,,,,,,,,,,,,,,,,,,,,,,,,,,,,,,,,,,,,
2025-04-09,,,,,,DLF,Real Estate,,,,,,,,,,,,,,,,,,,,,,,,,,,,,,,,,,,,,,,,,,,,,,,,,,,612.8499755859375,624.3499755859375,607.0499877929688,620.0,2405075.0,,,,,,,,,,,,,,,,,,,,,,,,,,,,,,,,,,,,,,,,,,,,,,
2025-04-11,,,,,,DLF,Real Estate,,,,,,,,,,,,,,,,,,,,,,,,,,,,,,,,,,,,,,,,,,,,,,,,,,,623.5999755859375,632.5,618.0,625.0,2743770.0,,,,,,,,,,,,,,,,,,,,,,,,,,,,,,,,,,,,,,,,,,,,,,
2025-04-15,,,,,,DLF,Real Estate,,,,,,,,,,,,,,,,,,,,,,,,,,,,,,,,,,,,,,,,,,,,,,,,,,,662.7999877929688,663.7999877929688,630.4000244140625,635.0,5255187.0,,,,,,,,,,,,,,,,,,,,,,,,,,,,,,,,,,,,,,,,,,,,,,
2025-04-16,,,,,,DLF,Real Estate,,,,,,,,,,,,,,,,,,,,,,,,,,,,,,,,,,,,,,,,,,,,,,,,,,,656.25,665.6500244140625,652.0,662.7999877929688,2166202.0,,,,,,,,,,,,,,,,,,,,,,,,,,,,,,,,,,,,,,,,,,,,,,
2025-04-17,,,,,,DLF,Real Estate,,,,,,,,,,,,,,,,,,,,,,,,,,,,,,,,,,,,,,,,,,,,,,,,,,,669.4000244140625,673.2000122070312,656.5,660.0,3423114.0,,,,,,,,,,,,,,,,,,,,,,,,,,,,,,,,,,,,,,,,,,,,,,
2025-04-21,,,,,,DLF,Real Estate,,,,,,,,,,,,,,,,,,,,,,,,,,,,,,,,,,,,,,,,,,,,,,,,,,,675.9000244140625,690.0,667.0499877929688,690.0,3481313.0,,,,,,,,,,,,,,,,,,,,,,,,,,,,,,,,,,,,,,,,,,,,,,
2025-04-22,,,,,,DLF,Real Estate,,,,,,,,,,,,,,,,,,,,,,,,,,,,,,,,,,,,,,,,,,,,,,,,,,,685.0,693.0,668.2000122070312,678.0,3717001.0,,,,,,,,,,,,,,,,,,,,,,,,,,,,,,,,,,,,,,,,,,,,,,
2025-04-23,,,,,,DLF,Real Estate,,,,,,,,,,,,,,,,,,,,,,,,,,,,,,,,,,,,,,,,,,,,,,,,,,,687.7000122070312,695.9000244140625,679.2999877929688,690.0,3113518.0,,,,,,,,,,,,,,,,,,,,,,,,,,,,,,,,,,,,,,,,,,,,,,
2025-04-24,,,,,,DLF,Real Estate,,,,,,,,,,,,,,,,,,,,,,,,,,,,,,,,,,,,,,,,,,,,,,,,,,,680.5,689.5499877929688,678.25,689.0,1968312.0,,,,,,,,,,,,,,,,,,,,,,,,,,,,,,,,,,,,,,,,,,,,,,
2025-04-25,,,,,,DLF,Real Estate,,,,,,,,,,,,,,,,,,,,,,,,,,,,,,,,,,,,,,,,,,,,,,,,,,,653.5499877929688,685.9000244140625,648.9500122070312,681.0,4496994.0,,,,,,,,,,,,,,,,,,,,,,,,,,,,,,,,,,,,,,,,,,,,,,
2025-04-28,,,,,,DLF,Real Estate,,,,,,,,,,,,,,,,,,,,,,,,,,,,,,,,,,,,,,,,,,,,,,,,,,,663.9000244140625,665.0,653.0,655.0,2545802.0,,,,,,,,,,,,,,,,,,,,,,,,,,,,,,,,,,,,,,,,,,,,,,
2025-04-29,,,,,,DLF,Real Estate,,,,,,,,,,,,,,,,,,,,,,,,,,,,,,,,,,,,,,,,,,,,,,,,,,,658.8499755859375,670.9000244140625,655.3499755859375,667.2000122070312,3145915.0,,,,,,,,,,,,,,,,,,,,,,,,,,,,,,,,,,,,,,,,,,,,,,
2025-04-30,,,,,,DLF,Real Estate,,,,,,,,,,,,,,,,,,,,,,,,,,,,,,,,,,,,,,,,,,,,,,,,,,,674.2999877929688,684.9000244140625,655.7000122070312,658.8499755859375,7339914.0,,,,,,,,,,,,,,,,,,,,,,,,,,,,,,,,,,,,,,,,,,,,,,
2025-04-01,,,,,,GODREJPROP,Real Estate,,,,,,,,,,,,,,,,,,,,,,,,,,,,,,,,,,,,,,,,,,,,,,,,,,,,,,,,2041.449951171875,2133.449951171875,2033.0999755859375,2119.0,770973.0,,,,,,,,,,,,,,,,,,,,,,,,,,,,,,,,,,,,,,,,,
2025-04-02,,,,,,GODREJPROP,Real Estate,,,,,,,,,,,,,,,,,,,,,,,,,,,,,,,,,,,,,,,,,,,,,,,,,,,,,,,,2146.800048828125,2154.0,2041.800048828125,2041.800048828125,1248005.0,,,,,,,,,,,,,,,,,,,,,,,,,,,,,,,,,,,,,,,,,
2025-04-03,,,,,,GODREJPROP,Real Estate,,,,,,,,,,,,,,,,,,,,,,,,,,,,,,,,,,,,,,,,,,,,,,,,,,,,,,,,2151.449951171875,2175.449951171875,2110.14990234375,2110.14990234375,641488.0,,,,,,,,,,,,,,,,,,,,,,,,,,,,,,,,,,,,,,,,,
2025-04-04,,,,,,GODREJPROP,Real Estate,,,,,,,,,,,,,,,,,,,,,,,,,,,,,,,,,,,,,,,,,,,,,,,,,,,,,,,,2067.949951171875,2150.0,2048.89990234375,2148.60009765625,592381.0,,,,,,,,,,,,,,,,,,,,,,,,,,,,,,,,,,,,,,,,,
2025-04-07,,,,,,GODREJPROP,Real Estate,,,,,,,,,,,,,,,,,,,,,,,,,,,,,,,,,,,,,,,,,,,,,,,,,,,,,,,,1927.1500244140625,1999.0,1900.0,1985.3499755859375,1005584.0,,,,,,,,,,,,,,,,,,,,,,,,,,,,,,,,,,,,,,,,,
2025-04-08,,,,,,GODREJPROP,Real Estate,,,,,,,,,,,,,,,,,,,,,,,,,,,,,,,,,,,,,,,,,,,,,,,,,,,,,,,,1974.550048828125,2052.949951171875,1941.25,1985.0,1474704.0,,,,,,,,,,,,,,,,,,,,,,,,,,,,,,,,,,,,,,,,,
2025-04-09,,,,,,GODREJPROP,Real Estate,,,,,,,,,,,,,,,,,,,,,,,,,,,,,,,,,,,,,,,,,,,,,,,,,,,,,,,,1973.300048828125,1998.0,1925.800048828125,1994.5,745003.0,,,,,,,,,,,,,,,,,,,,,,,,,,,,,,,,,,,,,,,,,
2025-04-11,,,,,,GODREJPROP,Real Estate,,,,,,,,,,,,,,,,,,,,,,,,,,,,,,,,,,,,,,,,,,,,,,,,,,,,,,,,1948.4000244140625,2015.0,1934.9000244140625,1997.0,996973.0,,,,,,,,,,,,,,,,,,,,,,,,,,,,,,,,,,,,,,,,,
2025-04-15,,,,,,GODREJPROP,Real Estate,,,,,,,,,,,,,,,,,,,,,,,,,,,,,,,,,,,,,,,,,,,,,,,,,,,,,,,,2015.5999755859375,2024.0,1975.699951171875,2000.0,1604747.0,,,,,,,,,,,,,,,,,,,,,,,,,,,,,,,,,,,,,,,,,
2025-04-16,,,,,,GODREJPROP,Real Estate,,,,,,,,,,,,,,,,,,,,,,,,,,,,,,,,,,,,,,,,,,,,,,,,,,,,,,,,2000.300048828125,2033.9000244140625,1989.300048828125,2022.0,695414.0,,,,,,,,,,,,,,,,,,,,,,,,,,,,,,,,,,,,,,,,,
2025-04-17,,,,,,GODREJPROP,Real Estate,,,,,,,,,,,,,,,,,,,,,,,,,,,,,,,,,,,,,,,,,,,,,,,,,,,,,,,,1991.0999755859375,2014.9000244140625,1975.4000244140625,2000.699951171875,1065499.0,,,,,,,,,,,,,,,,,,,,,,,,,,,,,,,,,,,,,,,,,
2025-04-21,,,,,,GODREJPROP,Real Estate,,,,,,,,,,,,,,,,,,,,,,,,,,,,,,,,,,,,,,,,,,,,,,,,,,,,,,,,2044.699951171875,2052.39990234375,1977.0,2007.0,683576.0,,,,,,,,,,,,,,,,,,,,,,,,,,,,,,,,,,,,,,,,,
2025-04-22,,,,,,GODREJPROP,Real Estate,,,,,,,,,,,,,,,,,,,,,,,,,,,,,,,,,,,,,,,,,,,,,,,,,,,,,,,,2095.0,2099.0,2011.5,2044.0,909754.0,,,,,,,,,,,,,,,,,,,,,,,,,,,,,,,,,,,,,,,,,
2025-04-23,,,,,,GODREJPROP,Real Estate,,,,,,,,,,,,,,,,,,,,,,,,,,,,,,,,,,,,,,,,,,,,,,,,,,,,,,,,2152.39990234375,2180.89990234375,2102.10009765625,2102.10009765625,1500746.0,,,,,,,,,,,,,,,,,,,,,,,,,,,,,,,,,,,,,,,,,
2025-04-24,,,,,,GODREJPROP,Real Estate,,,,,,,,,,,,,,,,,,,,,,,,,,,,,,,,,,,,,,,,,,,,,,,,,,,,,,,,2145.60009765625,2172.5,2142.10009765625,2152.39990234375,891676.0,,,,,,,,,,,,,,,,,,,,,,,,,,,,,,,,,,,,,,,,,
2025-04-25,,,,,,GODREJPROP,Real Estate,,,,,,,,,,,,,,,,,,,,,,,,,,,,,,,,,,,,,,,,,,,,,,,,,,,,,,,,2085.300048828125,2171.800048828125,2052.699951171875,2147.10009765625,1141824.0,,,,,,,,,,,,,,,,,,,,,,,,,,,,,,,,,,,,,,,,,
2025-04-28,,,,,,GODREJPROP,Real Estate,,,,,,,,,,,,,,,,,,,,,,,,,,,,,,,,,,,,,,,,,,,,,,,,,,,,,,,,2121.39990234375,2126.39990234375,2072.5,2080.0,645628.0,,,,,,,,,,,,,,,,,,,,,,,,,,,,,,,,,,,,,,,,,
2025-04-29,,,,,,GODREJPROP,Real Estate,,,,,,,,,,,,,,,,,,,,,,,,,,,,,,,,,,,,,,,,,,,,,,,,,,,,,,,,2099.10009765625,2160.60009765625,2094.89990234375,2121.39990234375,481960.0,,,,,,,,,,,,,,,,,,,,,,,,,,,,,,,,,,,,,,,,,
2025-04-30,,,,,,GODREJPROP,Real Estate,,,,,,,,,,,,,,,,,,,,,,,,,,,,,,,,,,,,,,,,,,,,,,,,,,,,,,,,2161.5,2236.800048828125,2085.199951171875,2095.0,2881011.0,,,,,,,,,,,,,,,,,,,,,,,,,,,,,,,,,,,,,,,,,
2025-04-01,,,,,,OBEROIRLTY,Real Estate,,,,,,,,,,,,,,,,,,,,,,,,,,,,,,,,,,,,,,,,,,,,,,,,,,,,,,,,,,,,,1573.949951171875,1635.0,1556.5,1635.0,585525.0,,,,,,,,,,,,,,,,,,,,,,,,,,,,,,,,,,,,
2025-04-02,,,,,,OBEROIRLTY,Real Estate,,,,,,,,,,,,,,,,,,,,,,,,,,,,,,,,,,,,,,,,,,,,,,,,,,,,,,,,,,,,,1621.199951171875,1626.300048828125,1560.0,1573.5999755859375,518120.0,,,,,,,,,,,,,,,,,,,,,,,,,,,,,,,,,,,,
2025-04-03,,,,,,OBEROIRLTY,Real Estate,,,,,,,,,,,,,,,,,,,,,,,,,,,,,,,,,,,,,,,,,,,,,,,,,,,,,,,,,,,,,1591.0,1615.0,1587.449951171875,1600.0,367398.0,,,,,,,,,,,,,,,,,,,,,,,,,,,,,,,,,,,,
2025-04-04,,,,,,OBEROIRLTY,Real Estate,,,,,,,,,,,,,,,,,,,,,,,,,,,,,,,,,,,,,,,,,,,,,,,,,,,,,,,,,,,,,1550.5999755859375,1599.949951171875,1536.0,1595.0,454115.0,,,,,,,,,,,,,,,,,,,,,,,,,,,,,,,,,,,,
2025-04-07,,,,,,OBEROIRLTY,Real Estate,,,,,,,,,,,,,,,,,,,,,,,,,,,,,,,,,,,,,,,,,,,,,,,,,,,,,,,,,,,,,1483.25,1508.0,1452.0,1457.0,543142.0,,,,,,,,,,,,,,,,,,,,,,,,,,,,,,,,,,,,
2025-04-08,,,,,,OBEROIRLTY,Real Estate,,,,,,,,,,,,,,,,,,,,,,,,,,,,,,,,,,,,,,,,,,,,,,,,,,,,,,,,,,,,,1528.0999755859375,1536.0,1496.1500244140625,1505.0999755859375,710100.0,,,,,,,,,,,,,,,,,,,,,,,,,,,,,,,,,,,,
2025-04-09,,,,,,OBEROIRLTY,Real Estate,,,,,,,,,,,,,,,,,,,,,,,,,,,,,,,,,,,,,,,,,,,,,,,,,,,,,,,,,,,,,1493.199951171875,1529.949951171875,1470.449951171875,1528.949951171875,382575.0,,,,,,,,,,,,,,,,,,,,,,,,,,,,,,,,,,,,
2025-04-11,,,,,,OBEROIRLTY,Real Estate,,,,,,,,,,,,,,,,,,,,,,,,,,,,,,,,,,,,,,,,,,,,,,,,,,,,,,,,,,,,,1547.3499755859375,1577.800048828125,1511.0,1546.8499755859375,638767.0,,,,,,,,,,,,,,,,,,,,,,,,,,,,,,,,,,,,
2025-04-15,,,,,,OBEROIRLTY,Real Estate,,,,,,,,,,,,,,,,,,,,,,,,,,,,,,,,,,,,,,,,,,,,,,,,,,,,,,,,,,,,,1624.699951171875,1635.0,1565.699951171875,1590.0,531277.0,,,,,,,,,,,,,,,,,,,,,,,,,,,,,,,,,,,,
2025-04-16,,,,,,OBEROIRLTY,Real Estate,,,,,,,,,,,,,,,,,,,,,,,,,,,,,,,,,,,,,,,,,,,,,,,,,,,,,,,,,,,,,1641.4000244140625,1645.5999755859375,1610.199951171875,1631.800048828125,299858.0,,,,,,,,,,,,,,,,,,,,,,,,,,,,,,,,,,,,
2025-04-17,,,,,,OBEROIRLTY,Real Estate,,,,,,,,,,,,,,,,,,,,,,,,,,,,,,,,,,,,,,,,,,,,,,,,,,,,,,,,,,,,,1640.699951171875,1656.0,1620.5999755859375,1646.0,390973.0,,,,,,,,,,,,,,,,,,,,,,,,,,,,,,,,,,,,
2025-04-21,,,,,,OBEROIRLTY,Real Estate,,,,,,,,,,,,,,,,,,,,,,,,,,,,,,,,,,,,,,,,,,,,,,,,,,,,,,,,,,,,,1656.199951171875,1665.0,1593.0,1617.0,856404.0,,,,,,,,,,,,,,,,,,,,,,,,,,,,,,,,,,,,
2025-04-22,,,,,,OBEROIRLTY,Real Estate,,,,,,,,,,,,,,,,,,,,,,,,,,,,,,,,,,,,,,,,,,,,,,,,,,,,,,,,,,,,,1699.699951171875,1723.300048828125,1638.9000244140625,1665.0,895055.0,,,,,,,,,,,,,,,,,,,,,,,,,,,,,,,,,,,,
2025-04-23,,,,,,OBEROIRLTY,Real Estate,,,,,,,,,,,,,,,,,,,,,,,,,,,,,,,,,,,,,,,,,,,,,,,,,,,,,,,,,,,,,1706.0,1732.0,1676.0999755859375,1711.300048828125,931108.0,,,,,,,,,,,,,,,,,,,,,,,,,,,,,,,,,,,,
2025-04-24,,,,,,OBEROIRLTY,Real Estate,,,,,,,,,,,,,,,,,,,,,,,,,,,,,,,,,,,,,,,,,,,,,,,,,,,,,,,,,,,,,1678.9000244140625,1708.0,1665.0,1707.0999755859375,906152.0,,,,,,,,,,,,,,,,,,,,,,,,,,,,,,,,,,,,
2025-04-25,,,,,,OBEROIRLTY,Real Estate,,,,,,,,,,,,,,,,,,,,,,,,,,,,,,,,,,,,,,,,,,,,,,,,,,,,,,,,,,,,,1606.199951171875,1682.800048828125,1587.699951171875,1678.9000244140625,1266105.0,,,,,,,,,,,,,,,,,,,,,,,,,,,,,,,,,,,,
2025-04-28,,,,,,OBEROIRLTY,Real Estate,,,,,,,,,,,,,,,,,,,,,,,,,,,,,,,,,,,,,,,,,,,,,,,,,,,,,,,,,,,,,1656.800048828125,1663.0,1601.300048828125,1606.4000244140625,293983.0,,,,,,,,,,,,,,,,,,,,,,,,,,,,,,,,,,,,
2025-04-29,,,,,,OBEROIRLTY,Real Estate,,,,,,,,,,,,,,,,,,,,,,,,,,,,,,,,,,,,,,,,,,,,,,,,,,,,,,,,,,,,,1620.5,1636.699951171875,1584.0,1600.0,1349828.0,,,,,,,,,,,,,,,,,,,,,,,,,,,,,,,,,,,,
2025-04-30,,,,,,OBEROIRLTY,Real Estate,,,,,,,,,,,,,,,,,,,,,,,,,,,,,,,,,,,,,,,,,,,,,,,,,,,,,,,,,,,,,1641.5999755859375,1674.699951171875,1606.300048828125,1620.5,1449084.0,,,,,,,,,,,,,,,,,,,,,,,,,,,,,,,,,,,,
2025-04-01,,,,,,PHOENIXLTD,Real Estate,,,,,,,,,,,,,,,,,,,,,,,,,,,,,,,,,,,,,,,,,,,,,,,,,,,,,,,,,,,,,,,,,,1601.0999755859375,1659.25,1585.75,1659.25,231375.0,,,,,,,,,,,,,,,,,,,,,,,,,,,,,,,
2025-04-02,,,,,,PHOENIXLTD,Real Estate,,,,,,,,,,,,,,,,,,,,,,,,,,,,,,,,,,,,,,,,,,,,,,,,,,,,,,,,,,,,,,,,,,1647.050048828125,1660.0,1593.75,1601.0999755859375,786508.0,,,,,,,,,,,,,,,,,,,,,,,,,,,,,,,
2025-04-03,,,,,,PHOENIXLTD,Real Estate,,,,,,,,,,,,,,,,,,,,,,,,,,,,,,,,,,,,,,,,,,,,,,,,,,,,,,,,,,,,,,,,,,1630.9000244140625,1655.0,1606.5,1615.5,288970.0,,,,,,,,,,,,,,,,,,,,,,,,,,,,,,,
2025-04-04,,,,,,PHOENIXLTD,Real Estate,,,,,,,,,,,,,,,,,,,,,,,,,,,,,,,,,,,,,,,,,,,,,,,,,,,,,,,,,,,,,,,,,,1580.300048828125,1639.5,1562.0,1629.0,774671.0,,,,,,,,,,,,,,,,,,,,,,,,,,,,,,,
2025-04-07,,,,,,PHOENIXLTD,Real Estate,,,,,,,,,,,,,,,,,,,,,,,,,,,,,,,,,,,,,,,,,,,,,,,,,,,,,,,,,,,,,,,,,,1548.300048828125,1578.9000244140625,1480.0999755859375,1501.4000244140625,1339636.0,,,,,,,,,,,,,,,,,,,,,,,,,,,,,,,
2025-04-08,,,,,,PHOENIXLTD,Real Estate,,,,,,,,,,,,,,,,,,,,,,,,,,,,,,,,,,,,,,,,,,,,,,,,,,,,,,,,,,,,,,,,,,1572.3499755859375,1590.0,1548.300048828125,1558.8499755859375,1110994.0,,,,,,,,,,,,,,,,,,,,,,,,,,,,,,,
2025-04-09,,,,,,PHOENIXLTD,Real Estate,,,,,,,,,,,,,,,,,,,,,,,,,,,,,,,,,,,,,,,,,,,,,,,,,,,,,,,,,,,,,,,,,,1495.800048828125,1581.4000244140625,1481.0,1581.4000244140625,2106869.0,,,,,,,,,,,,,,,,,,,,,,,,,,,,,,,
2025-04-11,,,,,,PHOENIXLTD,Real Estate,,,,,,,,,,,,,,,,,,,,,,,,,,,,,,,,,,,,,,,,,,,,,,,,,,,,,,,,,,,,,,,,,,1478.0,1522.3499755859375,1470.0,1505.25,838815.0,,,,,,,,,,,,,,,,,,,,,,,,,,,,,,,
2025-04-15,,,,,,PHOENIXLTD,Real Estate,,,,,,,,,,,,,,,,,,,,,,,,,,,,,,,,,,,,,,,,,,,,,,,,,,,,,,,,,,,,,,,,,,1548.300048828125,1558.0,1497.0,1517.0,416227.0,,,,,,,,,,,,,,,,,,,,,,,,,,,,,,,
2025-04-16,,,,,,PHOENIXLTD,Real Estate,,,,,,,,,,,,,,,,,,,,,,,,,,,,,,,,,,,,,,,,,,,,,,,,,,,,,,,,,,,,,,,,,,1598.699951171875,1613.699951171875,1544.5,1547.800048828125,324034.0,,,,,,,,,,,,,,,,,,,,,,,,,,,,,,,
2025-04-17,,,,,,PHOENIXLTD,Real Estate,,,,,,,,,,,,,,,,,,,,,,,,,,,,,,,,,,,,,,,,,,,,,,,,,,,,,,,,,,,,,,,,,,1614.699951171875,1630.0,1584.199951171875,1590.0,227378.0,,,,,,,,,,,,,,,,,,,,,,,,,,,,,,,
2025-04-21,,,,,,PHOENIXLTD,Real Estate,,,,,,,,,,,,,,,,,,,,,,,,,,,,,,,,,,,,,,,,,,,,,,,,,,,,,,,,,,,,,,,,,,1609.4000244140625,1636.5,1595.0,1612.0,400090.0,,,,,,,,,,,,,,,,,,,,,,,,,,,,,,,
2025-04-22,,,,,,PHOENIXLTD,Real Estate,,,,,,,,,,,,,,,,,,,,,,,,,,,,,,,,,,,,,,,,,,,,,,,,,,,,,,,,,,,,,,,,,,1682.300048828125,1694.800048828125,1604.800048828125,1615.0999755859375,709125.0,,,,,,,,,,,,,,,,,,,,,,,,,,,,,,,
2025-04-23,,,,,,PHOENIXLTD,Real Estate,,,,,,,,,,,,,,,,,,,,,,,,,,,,,,,,,,,,,,,,,,,,,,,,,,,,,,,,,,,,,,,,,,1674.0,1735.9000244140625,1664.0,1693.800048828125,750451.0,,,,,,,,,,,,,,,,,,,,,,,,,,,,,,,
2025-04-24,,,,,,PHOENIXLTD,Real Estate,,,,,,,,,,,,,,,,,,,,,,,,,,,,,,,,,,,,,,,,,,,,,,,,,,,,,,,,,,,,,,,,,,1669.4000244140625,1704.199951171875,1660.4000244140625,1678.199951171875,447795.0,,,,,,,,,,,,,,,,,,,,,,,,,,,,,,,
2025-04-25,,,,,,PHOENIXLTD,Real Estate,,,,,,,,,,,,,,,,,,,,,,,,,,,,,,,,,,,,,,,,,,,,,,,,,,,,,,,,,,,,,,,,,,1629.0,1715.800048828125,1620.0,1677.9000244140625,840140.0,,,,,,,,,,,,,,,,,,,,,,,,,,,,,,,
2025-04-28,,,,,,PHOENIXLTD,Real Estate,,,,,,,,,,,,,,,,,,,,,,,,,,,,,,,,,,,,,,,,,,,,,,,,,,,,,,,,,,,,,,,,,,1634.800048828125,1640.0,1609.9000244140625,1624.199951171875,175235.0,,,,,,,,,,,,,,,,,,,,,,,,,,,,,,,
2025-04-29,,,,,,PHOENIXLTD,Real Estate,,,,,,,,,,,,,,,,,,,,,,,,,,,,,,,,,,,,,,,,,,,,,,,,,,,,,,,,,,,,,,,,,,1632.4000244140625,1658.300048828125,1625.0,1625.0,318436.0,,,,,,,,,,,,,,,,,,,,,,,,,,,,,,,
2025-04-30,,,,,,PHOENIXLTD,Real Estate,,,,,,,,,,,,,,,,,,,,,,,,,,,,,,,,,,,,,,,,,,,,,,,,,,,,,,,,,,,,,,,,,,1664.5,1689.9000244140625,1633.0,1639.0,637252.0,,,,,,,,,,,,,,,,,,,,,,,,,,,,,,,
2025-04-01,,,,,,PRESTIGE,Real Estate,,,,,,,,,,,,,,,,,,,,,,,,,,,,,,,,,,,,,,,,,,,,,,,,,,,,,,,,,,,,,,,,,,,,,,,1137.3499755859375,1199.9000244140625,1128.1500244140625,1184.4000244140625,752560.0,,,,,,,,,,,,,,,,,,,,,,,,,,
2025-04-02,,,,,,PRESTIGE,Real Estate,,,,,,,,,,,,,,,,,,,,,,,,,,,,,,,,,,,,,,,,,,,,,,,,,,,,,,,,,,,,,,,,,,,,,,,1177.5999755859375,1188.0,1141.4000244140625,1141.4000244140625,851071.0,,,,,,,,,,,,,,,,,,,,,,,,,,
2025-04-03,,,,,,PRESTIGE,Real Estate,,,,,,,,,,,,,,,,,,,,,,,,,,,,,,,,,,,,,,,,,,,,,,,,,,,,,,,,,,,,,,,,,,,,,,,1188.5,1192.949951171875,1158.0,1160.050048828125,497898.0,,,,,,,,,,,,,,,,,,,,,,,,,,
2025-04-04,,,,,,PRESTIGE,Real Estate,,,,,,,,,,,,,,,,,,,,,,,,,,,,,,,,,,,,,,,,,,,,,,,,,,,,,,,,,,,,,,,,,,,,,,,1127.050048828125,1182.0999755859375,1111.0,1176.050048828125,567401.0,,,,,,,,,,,,,,,,,,,,,,,,,,
2025-04-07,,,,,,PRESTIGE,Real Estate,,,,,,,,,,,,,,,,,,,,,,,,,,,,,,,,,,,,,,,,,,,,,,,,,,,,,,,,,,,,,,,,,,,,,,,1060.300048828125,1084.699951171875,1048.050048828125,1060.0,818992.0,,,,,,,,,,,,,,,,,,,,,,,,,,
2025-04-08,,,,,,PRESTIGE,Real Estate,,,,,,,,,,,,,,,,,,,,,,,,,,,,,,,,,,,,,,,,,,,,,,,,,,,,,,,,,,,,,,,,,,,,,,,1087.050048828125,1108.0,1065.0,1108.0,436959.0,,,,,,,,,,,,,,,,,,,,,,,,,,
2025-04-09,,,,,,PRESTIGE,Real Estate,,,,,,,,,,,,,,,,,,,,,,,,,,,,,,,,,,,,,,,,,,,,,,,,,,,,,,,,,,,,,,,,,,,,,,,1079.449951171875,1094.0999755859375,1063.0,1094.0999755859375,499026.0,,,,,,,,,,,,,,,,,,,,,,,,,,
2025-04-11,,,,,,PRESTIGE,Real Estate,,,,,,,,,,,,,,,,,,,,,,,,,,,,,,,,,,,,,,,,,,,,,,,,,,,,,,,,,,,,,,,,,,,,,,,1122.8499755859375,1126.9000244140625,1086.6500244140625,1115.5,683548.0,,,,,,,,,,,,,,,,,,,,,,,,,,
2025-04-15,,,,,,PRESTIGE,Real Estate,,,,,,,,,,,,,,,,,,,,,,,,,,,,,,,,,,,,,,,,,,,,,,,,,,,,,,,,,,,,,,,,,,,,,,,1198.5,1203.0,1126.0,1135.0,822076.0,,,,,,,,,,,,,,,,,,,,,,,,,,
2025-04-16,,,,,,PRESTIGE,Real Estate,,,,,,,,,,,,,,,,,,,,,,,,,,,,,,,,,,,,,,,,,,,,,,,,,,,,,,,,,,,,,,,,,,,,,,,1207.4000244140625,1218.4000244140625,1188.0,1209.4000244140625,842256.0,,,,,,,,,,,,,,,,,,,,,,,,,,
2025-04-17,,,,,,PRESTIGE,Real Estate,,,,,,,,,,,,,,,,,,,,,,,,,,,,,,,,,,,,,,,,,,,,,,,,,,,,,,,,,,,,,,,,,,,,,,,1215.199951171875,1232.0,1185.0,1205.0,631616.0,,,,,,,,,,,,,,,,,,,,,,,,,,
2025-04-21,,,,,,PRESTIGE,Real Estate,,,,,,,,,,,,,,,,,,,,,,,,,,,,,,,,,,,,,,,,,,,,,,,,,,,,,,,,,,,,,,,,,,,,,,,1268.5999755859375,1274.5,1207.4000244140625,1223.300048828125,944564.0,,,,,,,,,,,,,,,,,,,,,,,,,,
2025-04-22,,,,,,PRESTIGE,Real Estate,,,,,,,,,,,,,,,,,,,,,,,,,,,,,,,,,,,,,,,,,,,,,,,,,,,,,,,,,,,,,,,,,,,,,,,1303.9000244140625,1313.0999755859375,1249.5999755859375,1274.800048828125,851596.0,,,,,,,,,,,,,,,,,,,,,,,,,,
2025-04-23,,,,,,PRESTIGE,Real Estate,,,,,,,,,,,,,,,,,,,,,,,,,,,,,,,,,,,,,,,,,,,,,,,,,,,,,,,,,,,,,,,,,,,,,,,1323.800048828125,1354.800048828125,1307.9000244140625,1320.199951171875,1397018.0,,,,,,,,,,,,,,,,,,,,,,,,,,
2025-04-24,,,,,,PRESTIGE,Real Estate,,,,,,,,,,,,,,,,,,,,,,,,,,,,,,,,,,,,,,,,,,,,,,,,,,,,,,,,,,,,,,,,,,,,,,,1294.0,1321.9000244140625,1285.0,1318.699951171875,780145.0,,,,,,,,,,,,,,,,,,,,,,,,,,
2025-04-25,,,,,,PRESTIGE,Real Estate,,,,,,,,,,,,,,,,,,,,,,,,,,,,,,,,,,,,,,,,,,,,,,,,,,,,,,,,,,,,,,,,,,,,,,,1261.800048828125,1318.0,1238.5999755859375,1306.199951171875,478778.0,,,,,,,,,,,,,,,,,,,,,,,,,,
2025-04-28,,,,,,PRESTIGE,Real Estate,,,,,,,,,,,,,,,,,,,,,,,,,,,,,,,,,,,,,,,,,,,,,,,,,,,,,,,,,,,,,,,,,,,,,,,1315.800048828125,1323.699951171875,1249.5999755859375,1264.5999755859375,949907.0,,,,,,,,,,,,,,,,,,,,,,,,,,
2025-04-29,,,,,,PRESTIGE,Real Estate,,,,,,,,,,,,,,,,,,,,,,,,,,,,,,,,,,,,,,,,,,,,,,,,,,,,,,,,,,,,,,,,,,,,,,,1380.0,1385.0,1325.300048828125,1328.0,2142910.0,,,,,,,,,,,,,,,,,,,,,,,,,,
2025-04-30,,,,,,PRESTIGE,Real Estate,,,,,,,,,,,,,,,,,,,,,,,,,,,,,,,,,,,,,,,,,,,,,,,,,,,,,,,,,,,,,,,,,,,,,,,1375.0999755859375,1444.9000244140625,1366.0,1386.0,2758228.0,,,,,,,,,,,,,,,,,,,,,,,,,,
2025-04-01,,,,,,BHEL,Industrials,,,,,,,,,,,,,,,,,,,,,,,,,,,,,,,,,,,,,,,,,,,,,,,,,,,,,,,,,,,,,,,,,,,,,,,,,,,,,,,,,,211.69000244140625,215.6999969482422,210.0500030517578,215.14999389648438,16822545.0,,,,,,,,,,,,,,,
2025-04-02,,,,,,BHEL,Industrials,,,,,,,,,,,,,,,,,,,,,,,,,,,,,,,,,,,,,,,,,,,,,,,,,,,,,,,,,,,,,,,,,,,,,,,,,,,,,,,,,,212.5800018310547,213.14999389648438,207.41000366210938,213.10000610351562,9217703.0,,,,,,,,,,,,,,,
2025-04-03,,,,,,BHEL,Industrials,,,,,,,,,,,,,,,,,,,,,,,,,,,,,,,,,,,,,,,,,,,,,,,,,,,,,,,,,,,,,,,,,,,,,,,,,,,,,,,,,,218.67999267578125,220.5,209.16000366210938,209.16000366210938,14138540.0,,,,,,,,,,,,,,,
2025-04-04,,,,,,BHEL,Industrials,,,,,,,,,,,,,,,,,,,,,,,,,,,,,,,,,,,,,,,,,,,,,,,,,,,,,,,,,,,,,,,,,,,,,,,,,,,,,,,,,,214.4499969482422,221.89999389648438,213.0500030517578,218.67999267578125,20924777.0,,,,,,,,,,,,,,,
2025-04-07,,,,,,BHEL,Industrials,,,,,,,,,,,,,,,,,,,,,,,,,,,,,,,,,,,,,,,,,,,,,,,,,,,,,,,,,,,,,,,,,,,,,,,,,,,,,,,,,,207.6999969482422,209.08999633789062,193.5,194.0,19369229.0,,,,,,,,,,,,,,,
2025-04-08,,,,,,BHEL,Industrials,,,,,,,,,,,,,,,,,,,,,,,,,,,,,,,,,,,,,,,,,,,,,,,,,,,,,,,,,,,,,,,,,,,,,,,,,,,,,,,,,,210.94000244140625,214.89999389648438,208.5800018310547,211.0,9741351.0,,,,,,,,,,,,,,,
2025-04-09,,,,,,BHEL,Industrials,,,,,,,,,,,,,,,,,,,,,,,,,,,,,,,,,,,,,,,,,,,,,,,,,,,,,,,,,,,,,,,,,,,,,,,,,,,,,,,,,,211.80999755859375,214.1999969482422,205.19000244140625,210.94000244140625,10120991.0,,,,,,,,,,,,,,,
2025-04-11,,,,,,BHEL,Industrials,,,,,,,,,,,,,,,,,,,,,,,,,,,,,,,,,,,,,,,,,,,,,,,,,,,,,,,,,,,,,,,,,,,,,,,,,,,,,,,,,,212.97000122070312,217.99000549316406,212.5,216.0,7830994.0,,,,,,,,,,,,,,,
2025-04-15,,,,,,BHEL,Industrials,,,,,,,,,,,,,,,,,,,,,,,,,,,,,,,,,,,,,,,,,,,,,,,,,,,,,,,,,,,,,,,,,,,,,,,,,,,,,,,,,,221.8000030517578,222.64999389648438,214.14999389648438,216.0,13352688.0,,,,,,,,,,,,,,,
2025-04-16,,,,,,BHEL,Industrials,,,,,,,,,,,,,,,,,,,,,,,,,,,,,,,,,,,,,,,,,,,,,,,,,,,,,,,,,,,,,,,,,,,,,,,,,,,,,,,,,,226.0,226.89999389648438,220.75,221.8000030517578,16706004.0,,,,,,,,,,,,,,,
2025-04-17,,,,,,BHEL,Industrials,,,,,,,,,,,,,,,,,,,,,,,,,,,,,,,,,,,,,,,,,,,,,,,,,,,,,,,,,,,,,,,,,,,,,,,,,,,,,,,,,,227.38999938964844,229.39999389648438,224.52999877929688,228.0,14226916.0,,,,,,,,,,,,,,,
2025-04-21,,,,,,BHEL,Industrials,,,,,,,,,,,,,,,,,,,,,,,,,,,,,,,,,,,,,,,,,,,,,,,,,,,,,,,,,,,,,,,,,,,,,,,,,,,,,,,,,,227.19000244140625,228.9199981689453,220.32000732421875,226.16000366210938,25601594.0,,,,,,,,,,,,,,,
2025-04-22,,,,,,BHEL,Industrials,,,,,,,,,,,,,,,,,,,,,,,,,,,,,,,,,,,,,,,,,,,,,,,,,,,,,,,,,,,,,,,,,,,,,,,,,,,,,,,,,,228.32000732421875,232.4499969482422,227.10000610351562,228.0,10971980.0,,,,,,,,,,,,,,,
2025-04-23,,,,,,BHEL,Industrials,,,,,,,,,,,,,,,,,,,,,,,,,,,,,,,,,,,,,,,,,,,,,,,,,,,,,,,,,,,,,,,,,,,,,,,,,,,,,,,,,,230.52999877929688,231.3300018310547,224.10000610351562,230.39999389648438,9723451.0,,,,,,,,,,,,,,,
2025-04-24,,,,,,BHEL,Industrials,,,,,,,,,,,,,,,,,,,,,,,,,,,,,,,,,,,,,,,,,,,,,,,,,,,,,,,,,,,,,,,,,,,,,,,,,,,,,,,,,,230.5,231.52000427246094,226.57000732421875,229.0,13730795.0,,,,,,,,,,,,,,,
2025-04-25,,,,,,BHEL,Industrials,,,,,,,,,,,,,,,,,,,,,,,,,,,,,,,,,,,,,,,,,,,,,,,,,,,,,,,,,,,,,,,,,,,,,,,,,,,,,,,,,,222.3699951171875,231.7899932861328,217.85000610351562,230.97999572753906,18081374.0,,,,,,,,,,,,,,,
2025-04-28,,,,,,BHEL,Industrials,,,,,,,,,,,,,,,,,,,,,,,,,,,,,,,,,,,,,,,,,,,,,,,,,,,,,,,,,,,,,,,,,,,,,,,,,,,,,,,,,,230.30999755859375,231.38999938964844,221.55999755859375,222.3699951171875,11353051.0,,,,,,,,,,,,,,,
2025-04-29,,,,,,BHEL,Industrials,,,,,,,,,,,,,,,,,,,,,,,,,,,,,,,,,,,,,,,,,,,,,,,,,,,,,,,,,,,,,,,,,,,,,,,,,,,,,,,,,,231.3300018310547,235.1999969482422,230.24000549316406,230.3000030517578,16328906.0,,,,,,,,,,,,,,,
2025-04-30,,,,,,BHEL,Industrials,,,,,,,,,,,,,,,,,,,,,,,,,,,,,,,,,,,,,,,,,,,,,,,,,,,,,,,,,,,,,,,,,,,,,,,,,,,,,,,,,,226.83999633789062,232.3699951171875,225.05999755859375,231.5,8248908.0,,,,,,,,,,,,,,,
2025-04-01,,,,,,SIEMENS,Industrials,,,,,,,,,,,,,,,,,,,,,,,,,,,,,,,,,,,,,,,,,,,,,,,,,,,,,,,,,,,,,,,,,,,,,,,,,,,,,,,,,,,,,,,5229.9501953125,5355.0,5200.0,5240.0,329971.0,,,,,,,,,,
2025-04-02,,,,,,SIEMENS,Industrials,,,,,,,,,,,,,,,,,,,,,,,,,,,,,,,,,,,,,,,,,,,,,,,,,,,,,,,,,,,,,,,,,,,,,,,,,,,,,,,,,,,,,,,5282.85009765625,5301.0,5142.0,5230.0,372359.0,,,,,,,,,,
2025-04-03,,,,,,SIEMENS,Industrials,,,,,,,,,,,,,,,,,,,,,,,,,,,,,,,,,,,,,,,,,,,,,,,,,,,,,,,,,,,,,,,,,,,,,,,,,,,,,,,,,,,,,,,5248.5498046875,5324.0,5201.0,5201.0,397529.0,,,,,,,,,,
2025-04-04,,,,,,SIEMENS,Industrials,,,,,,,,,,,,,,,,,,,,,,,,,,,,,,,,,,,,,,,,,,,,,,,,,,,,,,,,,,,,,,,,,,,,,,,,,,,,,,,,,,,,,,,4928.14990234375,5287.4501953125,4851.0498046875,5287.4501953125,1097495.0,,,,,,,,,,
2025-04-07,,,,,,SIEMENS,Industrials,,,,,,,,,,,,,,,,,,,,,,,,,,,,,,,,,,,,,,,,,,,,,,,,,,,,,,,,,,,,,,,,,,,,,,,,,,,,,,,,,,,,,,,2812.449951171875,3087.0,2450.0,2450.0,2716014.0,,,,,,,,,,
2025-04-08,,,,,,SIEMENS,Industrials,,,,,,,,,,,,,,,,,,,,,,,,,,,,,,,,,,,,,,,,,,,,,,,,,,,,,,,,,,,,,,,,,,,,,,,,,,,,,,,,,,,,,,,2763.449951171875,3031.0,2750.0,2938.35009765625,2603929.0,,,,,,,,,,
2025-04-09,,,,,,SIEMENS,Industrials,,,,,,,,,,,,,,,,,,,,,,,,,,,,,,,,,,,,,,,,,,,,,,,,,,,,,,,,,,,,,,,,,,,,,,,,,,,,,,,,,,,,,,,2715.85009765625,2791.949951171875,2667.800048828125,2789.0,866126.0,,,,,,,,,,
2025-04-11,,,,,,SIEMENS,Industrials,,,,,,,,,,,,,,,,,,,,,,,,,,,,,,,,,,,,,,,,,,,,,,,,,,,,,,,,,,,,,,,,,,,,,,,,,,,,,,,,,,,,,,,2727.800048828125,2813.0,2710.050048828125,2813.0,784039.0,,,,,,,,,,
2025-04-15,,,,,,SIEMENS,Industrials,,,,,,,,,,,,,,,,,,,,,,,,,,,,,,,,,,,,,,,,,,,,,,,,,,,,,,,,,,,,,,,,,,,,,,,,,,,,,,,,,,,,,,,2839.5,2850.0,2741.5,2798.0,872503.0,,,,,,,,,,
2025-04-16,,,,,,SIEMENS,Industrials,,,,,,,,,,,,,,,,,,,,,,,,,,,,,,,,,,,,,,,,,,,,,,,,,,,,,,,,,,,,,,,,,,,,,,,,,,,,,,,,,,,,,,,2811.5,2904.5,2799.0,2860.0,865906.0,,,,,,,,,,
2025-04-17,,,,,,SIEMENS,Industrials,,,,,,,,,,,,,,,,,,,,,,,,,,,,,,,,,,,,,,,,,,,,,,,,,,,,,,,,,,,,,,,,,,,,,,,,,,,,,,,,,,,,,,,2810.0,2850.0,2770.0,2813.5,537062.0,,,,,,,,,,
2025-04-21,,,,,,SIEMENS,Industrials,,,,,,,,,,,,,,,,,,,,,,,,,,,,,,,,,,,,,,,,,,,,,,,,,,,,,,,,,,,,,,,,,,,,,,,,,,,,,,,,,,,,,,,2827.0,2847.0,2744.0,2846.0,653092.0,,,,,,,,,,
2025-04-22,,,,,,SIEMENS,Industrials,,,,,,,,,,,,,,,,,,,,,,,,,,,,,,,,,,,,,,,,,,,,,,,,,,,,,,,,,,,,,,,,,,,,,,,,,,,,,,,,,,,,,,,2856.5,2879.5,2813.0,2840.5,576915.0,,,,,,,,,,
2025-04-23,,,,,,SIEMENS,Industrials,,,,,,,,,,,,,,,,,,,,,,,,,,,,,,,,,,,,,,,,,,,,,,,,,,,,,,,,,,,,,,,,,,,,,,,,,,,,,,,,,,,,,,,2872.0,2915.0,2841.5,2875.0,607062.0,,,,,,,,,,
2025-04-24,,,,,,SIEMENS,Industrials,,,,,,,,,,,,,,,,,,,,,,,,,,,,,,,,,,,,,,,,,,,,,,,,,,,,,,,,,,,,,,,,,,,,,,,,,,,,,,,,,,,,,,,2903.5,2923.5,2870.0,2885.0,453763.0,,,,,,,,,,
2025-04-25,,,,,,SIEMENS,Industrials,,,,,,,,,,,,,,,,,,,,,,,,,,,,,,,,,,,,,,,,,,,,,,,,,,,,,,,,,,,,,,,,,,,,,,,,,,,,,,,,,,,,,,,2833.5,2918.5,2767.0,2905.0,776070.0,,,,,,,,,,
2025-04-28,,,,,,SIEMENS,Industrials,,,,,,,,,,,,,,,,,,,,,,,,,,,,,,,,,,,,,,,,,,,,,,,,,,,,,,,,,,,,,,,,,,,,,,,,,,,,,,,,,,,,,,,2916.5,2926.5,2833.0,2833.5,460919.0,,,,,,,,,,
2025-04-29,,,,,,SIEMENS,Industrials,,,,,,,,,,,,,,,,,,,,,,,,,,,,,,,,,,,,,,,,,,,,,,,,,,,,,,,,,,,,,,,,,,,,,,,,,,,,,,,,,,,,,,,2930.0,2988.0,2904.0,2931.5,674757.0,,,,,,,,,,
2025-04-30,,,,,,SIEMENS,Industrials,,,,,,,,,,,,,,,,,,,,,,,,,,,,,,,,,,,,,,,,,,,,,,,,,,,,,,,,,,,,,,,,,,,,,,,,,,,,,,,,,,,,,,,2901.5,2945.5,2857.0,2939.0,512358.0,,,,,,,,,,
2025-04-01,,,,,,ABB,Industrials,,,,,,,,,,,,,,,,,,,,,,,,,,,,,,,,,,,,,,,,,,,,,,,,,,,,,,,,,,,,,,,,,,,,,,,,,,,,,,,,,,,,,,,,,,,,5366.3984375,5514.345604356299,5340.407161536841,5505.897165705069,380081.0,,,,,
2025-04-02,,,,,,ABB,Industrials,,,,,,,,,,,,,,,,,,,,,,,,,,,,,,,,,,,,,,,,,,,,,,,,,,,,,,,,,,,,,,,,,,,,,,,,,,,,,,,,,,,,,,,,,,,,5280.919921875,5398.949575140763,5179.48915923833,5392.290509053347,682715.0,,,,,
2025-04-03,,,,,,ABB,Industrials,,,,,,,,,,,,,,,,,,,,,,,,,,,,,,,,,,,,,,,,,,,,,,,,,,,,,,,,,,,,,,,,,,,,,,,,,,,,,,,,,,,,,,,,,,,,5294.98388671875,5321.671109075106,5210.897466789996,5218.15299015335,224578.0,,,,,
2025-04-04,,,,,,ABB,Industrials,,,,,,,,,,,,,,,,,,,,,,,,,,,,,,,,,,,,,,,,,,,,,,,,,,,,,,,,,,,,,,,,,,,,,,,,,,,,,,,,,,,,,,,,,,,,5064.98779296875,5298.711258443631,5044.9106188688875,5292.698152323171,457097.0,,,,,
2025-04-07,,,,,,ABB,Industrials,,,,,,,,,,,,,,,,,,,,,,,,,,,,,,,,,,,,,,,,,,,,,,,,,,,,,,,,,,,,,,,,,,,,,,,,,,,,,,,,,,,,,,,,,,,,4933.4404296875,4991.884034370492,4656.033865639271,4656.033865639271,765239.0,,,,,
2025-04-08,,,,,,ABB,Industrials,,,,,,,,,,,,,,,,,,,,,,,,,,,,,,,,,,,,,,,,,,,,,,,,,,,,,,,,,,,,,,,,,,,,,,,,,,,,,,,,,,,,,,,,,,,,5033.6787109375,5088.892029888425,4939.851448496711,5010.470257470746,304029.0,,,,,
2025-04-09,,,,,,ABB,Industrials,,,,,,,,,,,,,,,,,,,,,,,,,,,,,,,,,,,,,,,,,,,,,,,,,,,,,,,,,,,,,,,,,,,,,,,,,,,,,,,,,,,,,,,,,,,,5005.650390625,5060.018286905791,4939.851768514247,5043.220900088791,353532.0,,,,,
2025-04-11,,,,,,ABB,Industrials,,,,,,,,,,,,,,,,,,,,,,,,,,,,,,,,,,,,,,,,,,,,,,,,,,,,,,,,,,,,,,,,,,,,,,,,,,,,,,,,,,,,,,,,,,,,5112.10009765625,5142.564560327561,5021.403628147318,5118.262682041012,416323.0,,,,,
2025-04-15,,,,,,ABB,Industrials,,,,,,,,,,,,,,,,,,,,,,,,,,,,,,,,,,,,,,,,,,,,,,,,,,,,,,,,,,,,,,,,,,,,,,,,,,,,,,,,,,,,,,,,,,,,5214.67431640625,5256.419541087287,5127.2081313602675,5188.335067500358,334196.0,,,,,
2025-04-16,,,,,,ABB,Industrials,,,,,,,,,,,,,,,,,,,,,,,,,,,,,,,,,,,,,,,,,,,,,,,,,,,,,,,,,,,,,,,,,,,,,,,,,,,,,,,,,,,,,,,,,,,,5346.86767578125,5424.39452376172,5220.638064325869,5247.9712479087275,566818.0,,,,,
2025-04-17,,,,,,ABB,Industrials,,,,,,,,,,,,,,,,,,,,,,,,,,,,,,,,,,,,,,,,,,,,,,,,,,,,,,,,,,,,,,,,,,,,,,,,,,,,,,,,,,,,,,,,,,,,5537.70263671875,5610.756777219302,5262.382950750682,5389.606487948922,1143784.0,,,,,
2025-04-21,,,,,,ABB,Industrials,,,,,,,,,,,,,,,,,,,,,,,,,,,,,,,,,,,,,,,,,,,,,,,,,,,,,,,,,,,,,,,,,,,,,,,,,,,,,,,,,,,,,,,,,,,,5594.85400390625,5664.429377911124,5485.521273327162,5644.053732666839,684672.0,,,,,
2025-04-22,,,,,,ABB,Industrials,,,,,,,,,,,,,,,,,,,,,,,,,,,,,,,,,,,,,,,,,,,,,,,,,,,,,,,,,,,,,,,,,,,,,,,,,,,,,,,,,,,,,,,,,,,,5648.029296875,5669.3988753849535,5557.581313414265,5614.73251175484,325345.0,,,,,
2025-04-23,,,,,,ABB,Industrials,,,,,,,,,,,,,,,,,,,,,,,,,,,,,,,,,,,,,,,,,,,,,,,,,,,,,,,,,,,,,,,,,,,,,,,,,,,,,,,,,,,,,,,,,,,,5678.34423828125,5756.865014550149,5574.975115091814,5680.332106034893,376059.0,,,,,
2025-04-24,,,,,,ABB,Industrials,,,,,,,,,,,,,,,,,,,,,,,,,,,,,,,,,,,,,,,,,,,,,,,,,,,,,,,,,,,,,,,,,,,,,,,,,,,,,,,,,,,,,,,,,,,,5653.9931640625,5698.223223972983,5587.3995907141325,5685.302082875538,374809.0,,,,,
2025-04-25,,,,,,ABB,Industrials,,,,,,,,,,,,,,,,,,,,,,,,,,,,,,,,,,,,,,,,,,,,,,,,,,,,,,,,,,,,,,,,,,,,,,,,,,,,,,,,,,,,,,,,,,,,5465.642578125,5673.8717325380185,5352.334112239158,5663.435426469586,638225.0,,,,,
2025-04-28,,,,,,ABB,Industrials,,,,,,,,,,,,,,,,,,,,,,,,,,,,,,,,,,,,,,,,,,,,,,,,,,,,,,,,,,,,,,,,,,,,,,,,,,,,,,,,,,,,,,,,,,,,5502.41796875,5524.781481086863,5425.8850598638455,5465.64241512938,205197.0,,,,,
2025-04-29,,,,,,ABB,Industrials,,,,,,,,,,,,,,,,,,,,,,,,,,,,,,,,,,,,,,,,,,,,,,,,,,,,,,,,,,,,,,,,,,,,,,,,,,,,,,,,,,,,,,,,,,,,5549.6298828125,5590.878139306942,5526.27243636384,5548.138981975351,224766.0,,,,,
2025-04-30,,,,,,ABB,Industrials,,,,,,,,,,,,,,,,,,,,,,,,,,,,,,,,,,,,,,,,,,,,,,,,,,,,,,,,,,,,,,,,,,,,,,,,,,,,,,,,,,,,,,,,,,,,5489.0,5570.005613399729,5435.824535989135,5556.090538705297,316444.0,,,,,
2025-04-01,,,,,,HAVELLS,Industrials,,,,,,,,,,,,,,,,,,,,,,,,,,,,,,,,,,,,,,,,,,,,,,,,,,,,,,,,,,,,,,,,,,,,,,,,,,,,,,,,,,,,,,,,,,,,,,,,,1501.300048828125,1517.800048828125,1488.8499755859375,1515.0,723671.0
2025-04-02,,,,,,HAVELLS,Industrials,,,,,,,,,,,,,,,,,,,,,,,,,,,,,,,,,,,,,,,,,,,,,,,,,,,,,,,,,,,,,,,,,,,,,,,,,,,,,,,,,,,,,,,,,,,,,,,,,1510.449951171875,1519.550048828125,1484.1500244140625,1504.75,802612.0
2025-04-03,,,,,,HAVELLS,Industrials,,,,,,,,,,,,,,,,,,,,,,,,,,,,,,,,,,,,,,,,,,,,,,,,,,,,,,,,,,,,,,,,,,,,,,,,,,,,,,,,,,,,,,,,,,,,,,,,,1518.699951171875,1528.0,1485.0999755859375,1485.0999755859375,452802.0
2025-04-04,,,,,,HAVELLS,Industrials,,,,,,,,,,,,,,,,,,,,,,,,,,,,,,,,,,,,,,,,,,,,,,,,,,,,,,,,,,,,,,,,,,,,,,,,,,,,,,,,,,,,,,,,,,,,,,,,,1469.25,1516.0999755859375,1456.050048828125,1505.0,753027.0
2025-04-07,,,,,,HAVELLS,Industrials,,,,,,,,,,,,,,,,,,,,,,,,,,,,,,,,,,,,,,,,,,,,,,,,,,,,,,,,,,,,,,,,,,,,,,,,,,,,,,,,,,,,,,,,,,,,,,,,,1456.0999755859375,1461.5,1389.5,1397.0,857804.0
2025-04-08,,,,,,HAVELLS,Industrials,,,,,,,,,,,,,,,,,,,,,,,,,,,,,,,,,,,,,,,,,,,,,,,,,,,,,,,,,,,,,,,,,,,,,,,,,,,,,,,,,,,,,,,,,,,,,,,,,1463.1500244140625,1474.449951171875,1447.5,1456.0999755859375,1232475.0
2025-04-09,,,,,,HAVELLS,Industrials,,,,,,,,,,,,,,,,,,,,,,,,,,,,,,,,,,,,,,,,,,,,,,,,,,,,,,,,,,,,,,,,,,,,,,,,,,,,,,,,,,,,,,,,,,,,,,,,,1469.699951171875,1479.0999755859375,1451.0,1466.0,441153.0
2025-04-11,,,,,,HAVELLS,Industrials,,,,,,,,,,,,,,,,,,,,,,,,,,,,,,,,,,,,,,,,,,,,,,,,,,,,,,,,,,,,,,,,,,,,,,,,,,,,,,,,,,,,,,,,,,,,,,,,,1532.8499755859375,1537.699951171875,1458.050048828125,1458.050048828125,1019197.0
2025-04-15,,,,,,HAVELLS,Industrials,,,,,,,,,,,,,,,,,,,,,,,,,,,,,,,,,,,,,,,,,,,,,,,,,,,,,,,,,,,,,,,,,,,,,,,,,,,,,,,,,,,,,,,,,,,,,,,,,1571.699951171875,1577.5999755859375,1499.5,1529.0999755859375,1878333.0
2025-04-16,,,,,,HAVELLS,Industrials,,,,,,,,,,,,,,,,,,,,,,,,,,,,,,,,,,,,,,,,,,,,,,,,,,,,,,,,,,,,,,,,,,,,,,,,,,,,,,,,,,,,,,,,,,,,,,,,,1613.9000244140625,1626.0,1563.199951171875,1576.0,1102376.0
2025-04-17,,,,,,HAVELLS,Industrials,,,,,,,,,,,,,,,,,,,,,,,,,,,,,,,,,,,,,,,,,,,,,,,,,,,,,,,,,,,,,,,,,,,,,,,,,,,,,,,,,,,,,,,,,,,,,,,,,1638.5,1646.800048828125,1609.0,1613.5999755859375,1468556.0
2025-04-21,,,,,,HAVELLS,Industrials,,,,,,,,,,,,,,,,,,,,,,,,,,,,,,,,,,,,,,,,,,,,,,,,,,,,,,,,,,,,,,,,,,,,,,,,,,,,,,,,,,,,,,,,,,,,,,,,,1647.199951171875,1662.300048828125,1631.0,1640.0,917439.0
2025-04-22,,,,,,HAVELLS,Industrials,,,,,,,,,,,,,,,,,,,,,,,,,,,,,,,,,,,,,,,,,,,,,,,,,,,,,,,,,,,,,,,,,,,,,,,,,,,,,,,,,,,,,,,,,,,,,,,,,1664.699951171875,1673.800048828125,1644.699951171875,1657.199951171875,926695.0
2025-04-23,,,,,,HAVELLS,Industrials,,,,,,,,,,,,,,,,,,,,,,,,,,,,,,,,,,,,,,,,,,,,,,,,,,,,,,,,,,,,,,,,,,,,,,,,,,,,,,,,,,,,,,,,,,,,,,,,,1612.0,1640.0,1583.4000244140625,1640.0,4912430.0
2025-04-24,,,,,,HAVELLS,Industrials,,,,,,,,,,,,,,,,,,,,,,,,,,,,,,,,,,,,,,,,,,,,,,,,,,,,,,,,,,,,,,,,,,,,,,,,,,,,,,,,,,,,,,,,,,,,,,,,,1604.5999755859375,1623.0,1586.0,1623.0,1594861.0
2025-04-25,,,,,,HAVELLS,Industrials,,,,,,,,,,,,,,,,,,,,,,,,,,,,,,,,,,,,,,,,,,,,,,,,,,,,,,,,,,,,,,,,,,,,,,,,,,,,,,,,,,,,,,,,,,,,,,,,,1599.800048828125,1618.699951171875,1573.300048828125,1613.0,2010475.0
2025-04-28,,,,,,HAVELLS,Industrials,,,,,,,,,,,,,,,,,,,,,,,,,,,,,,,,,,,,,,,,,,,,,,,,,,,,,,,,,,,,,,,,,,,,,,,,,,,,,,,,,,,,,,,,,,,,,,,,,1609.5999755859375,1615.0,1590.800048828125,1599.800048828125,770118.0
2025-04-29,,,,,,HAVELLS,Industrials,,,,,,,,,,,,,,,,,,,,,,,,,,,,,,,,,,,,,,,,,,,,,,,,,,,,,,,,,,,,,,,,,,,,,,,,,,,,,,,,,,,,,,,,,,,,,,,,,1622.800048828125,1633.0,1610.5999755859375,1610.5999755859375,895483.0
2025-04-30,,,,,,HAVELLS,Industrials,,,,,,,,,,,,,,,,,,,,,,,,,,,,,,,,,,,,,,,,,,,,,,,,,,,,,,,,,,,,,,,,,,,,,,,,,,,,,,,,,,,,,,,,,,,,,,,,,1601.0,1621.0999755859375,1593.800048828125,1618.199951171875,911924.0
